ID	description	additional_image_link	condition	gtin	mpn	custom_label_2	image_link	title	custom_label_0	item_group_id	google_product_category	product_type	link	price	availability	identifier_exists
7796	"Зверніть увагу на товщину стінки профілю. Недобросовісні виробники вказують товщину 0,75 мм, а в дійсності використовують профіль товщиною 0,5 мм. Каркас наших теплиць зроблений з профілю з товщиною стінки 0,75 мм. При отриманні теплиці переміряйте товщину стінки профілю.
Вартість каркасу 2х3 м без плівки — 2 200 грн. Теплиця «Омега» з посиленим каркасом комплектується плівкою з УФ-захистом товщиною 120 мкм. Ширина каркаса — 2 м, довжина — 3 м, висота — 2 м. Вікна та двері є на обох сторонах теплиці, що забезпечує її максимальне провітрювання.
Посилений каркас теплиці з кроком 0,6 м витримує снігове навантаження до 40 кг/м кв., вітрову — 30 кг/м кв. Це дозволяє використовувати конструкцію для цілорічного вирощування тепличних культур.
"	https://fabrika-teplic.com/ua/wp-content/uploads/sites/2/2020/02/tunel-folia-2x4-stal-ocynk-002.jpg%2Chttps://fabrika-teplic.com/ua/wp-content/uploads/sites/2/2020/02/tunel-folia-2x4-stal-ocynk-003.jpg%2Chttps://fabrika-teplic.com/ua/wp-content/uploads/sites/2/2020/02/tunel-folia-2x4-stal-ocynk-004.jpg%2Chttps://fabrika-teplic.com/ua/wp-content/uploads/sites/2/2020/02/tunel-folia-2x4-stal-ocynk-007.jpg%2Chttps://fabrika-teplic.com/ua/wp-content/uploads/sites/2/2020/02/tunel-folia-2x4-stal-ocynk-008.jpg%2Chttps://fabrika-teplic.com/ua/wp-content/uploads/sites/2/2020/02/tunel-folia-2x4-stal-ocynk-009.jpg%2Chttps://fabrika-teplic.com/ua/wp-content/uploads/sites/2/2020/02/tunel-folia-2x4-stal-ocynk-011.jpg	new	7796	7796	"Теплиці «Омега» з плівкою > Теплиці з плівкою"	https://fabrika-teplic.com/ua/wp-content/uploads/sites/2/2020/02/tunel-folia-2x4-stal-ocynk-022.png	"Теплиця «Омега» 2x3x2 з оцинкованого омега профілю з плівкою 120 мкм"		7796	"Home & Garden > Lawn & Garden > Gardening > Greenhouses"	"Теплиці «Омега» з плівкою > Теплиці з плівкою"	https://fabrika-teplic.com/ua/vitrina/teplyczya-omega-2x3x2-z-oczynkovanogo-omega-profilyu-z-plivkoyu-120-mkm/	"2500 UAH"	"in stock"	no
7840	"Зверніть увагу на товщину стінки профілю. Недобросовісні виробники вказують товщину 0,75 мм, а в дійсності використовують профіль товщиною 0,5 мм. Каркас наших теплиць зроблений з профілю з товщиною стінки 0,75 мм. При отриманні теплиці переміряйте товщину стінки профілю.
Вартість каркасу 3х6 м без плівки — 3 600 грн. Теплиця «Омега» з посиленим каркасом комплектується плівкою з УФ-захистом товщиною 150 мкм. Ширина каркаса — 3 м, довжина — 6 м, висота — 2 м. Вікна та двері є на обох сторонах теплиці, що забезпечує її максимальне провітрювання.
Посилений каркас теплиці з кроком 0,6 м витримує снігове навантаження до 40 кг/м кв., вітрову — 30 кг/м кв. Це дозволяє використовувати конструкцію для цілорічного вирощування тепличних культур.
"	https://fabrika-teplic.com/ua/wp-content/uploads/sites/2/2020/02/tunel-folia-3x6-stal-ocynk-002.jpg%2Chttps://fabrika-teplic.com/ua/wp-content/uploads/sites/2/2020/02/tunel-folia-3x6-stal-ocynk-003.jpg%2Chttps://fabrika-teplic.com/ua/wp-content/uploads/sites/2/2020/02/tunel-folia-3x6-stal-ocynk-004.jpg%2Chttps://fabrika-teplic.com/ua/wp-content/uploads/sites/2/2020/02/tunel-folia-3x6-stal-ocynk-005.jpg%2Chttps://fabrika-teplic.com/ua/wp-content/uploads/sites/2/2020/02/tunel-folia-3x6-stal-ocynk-006.jpg%2Chttps://fabrika-teplic.com/ua/wp-content/uploads/sites/2/2020/02/tunel-folia-3x6-stal-ocynk-007.jpg%2Chttps://fabrika-teplic.com/ua/wp-content/uploads/sites/2/2020/02/tunel-folia-3x6-stal-ocynk-008.jpg%2Chttps://fabrika-teplic.com/ua/wp-content/uploads/sites/2/2020/02/tunel-folia-3x6-stal-ocynk-009.jpg%2Chttps://fabrika-teplic.com/ua/wp-content/uploads/sites/2/2020/02/tunel-folia-3x6-stal-ocynk-010.jpg	new	7840	7840	"Теплиці «Омега» з плівкою > Теплиці з плівкою"	https://fabrika-teplic.com/ua/wp-content/uploads/sites/2/2020/02/tunel-folia-3x6-stal-ocynk-020.png	"Теплиця «Омега» 3x6x2 з оцинкованого омега профілю з плівкою 150 мкм"		7840	"Home & Garden > Lawn & Garden > Gardening > Greenhouses"	"Теплиці «Омега» з плівкою > Теплиці з плівкою"	https://fabrika-teplic.com/ua/vitrina/teplyczya-omega-3x6x2-z-oczynkovanogo-omega-profilyu-z-plivkoyu-150-mkm/	"4500 UAH"	"in stock"	no
7841	"Зверніть увагу на товщину стінки профілю. Недобросовісні виробники вказують товщину 0,75 мм, а в дійсності використовують профіль товщиною 0,5 мм. Каркас наших теплиць зроблений з профілю з товщиною стінки 0,75 мм. При отриманні теплиці переміряйте товщину стінки профілю.
Вартість каркасу 3х4 м без плівки — 2 950 грн. Теплиця «Омега» з посиленим каркасом комплектується плівкою з УФ-захистом товщиною 120 мкм. Ширина каркаса — 3 м, довжина — 4 м, висота — 2 м. Вікна та двері є на обох сторонах теплиці, що забезпечує її максимальне провітрювання.
Посилений каркас теплиці з кроком 0,6 м витримує снігове навантаження до 40 кг/м кв., вітрову — 30 кг/м кв. Це дозволяє використовувати конструкцію для цілорічного вирощування тепличних культур.
"	https://fabrika-teplic.com/ua/wp-content/uploads/sites/2/2020/02/tunel-folia-3x6-stal-ocynk-002.jpg%2Chttps://fabrika-teplic.com/ua/wp-content/uploads/sites/2/2020/02/tunel-folia-3x6-stal-ocynk-003.jpg%2Chttps://fabrika-teplic.com/ua/wp-content/uploads/sites/2/2020/02/tunel-folia-3x6-stal-ocynk-004.jpg%2Chttps://fabrika-teplic.com/ua/wp-content/uploads/sites/2/2020/02/tunel-folia-3x6-stal-ocynk-005.jpg%2Chttps://fabrika-teplic.com/ua/wp-content/uploads/sites/2/2020/02/tunel-folia-3x6-stal-ocynk-006.jpg%2Chttps://fabrika-teplic.com/ua/wp-content/uploads/sites/2/2020/02/tunel-folia-3x6-stal-ocynk-007.jpg%2Chttps://fabrika-teplic.com/ua/wp-content/uploads/sites/2/2020/02/tunel-folia-3x6-stal-ocynk-008.jpg%2Chttps://fabrika-teplic.com/ua/wp-content/uploads/sites/2/2020/02/tunel-folia-3x6-stal-ocynk-009.jpg%2Chttps://fabrika-teplic.com/ua/wp-content/uploads/sites/2/2020/02/tunel-folia-3x6-stal-ocynk-010.jpg	new	7841	7841	"Теплиці «Омега» з плівкою > Теплиці з плівкою"	https://fabrika-teplic.com/ua/wp-content/uploads/sites/2/2020/02/tunel-folia-3x6-stal-ocynk-020.png	"Теплиця «Омега» 3x4x2 з оцинкованого омега профілю з плівкою 120 мкм"		7841	"Home & Garden > Lawn & Garden > Gardening > Greenhouses"	"Теплиці «Омега» з плівкою > Теплиці з плівкою"	https://fabrika-teplic.com/ua/vitrina/teplyczya-omega-3x4x2-z-oczynkovanogo-omega-profilyu-z-plivkoyu-120-mkm/	"3300 UAH"	"in stock"	no
7842	"Зверніть увагу на товщину стінки профілю. Недобросовісні виробники вказують товщину 0,75 мм, а в дійсності використовують профіль товщиною 0,5 мм. Каркас наших теплиць зроблений з профілю з товщиною стінки 0,75 мм. При отриманні теплиці переміряйте товщину стінки профілю.
Вартість каркасу 3х4 м без плівки — 2 950 грн. Теплиця «Омега» з посиленим каркасом комплектується плівкою з УФ-захистом товщиною 150 мкм. Ширина каркаса — 3 м, довжина — 4 м, висота — 2 м. Вікна та двері є на обох сторонах теплиці, що забезпечує її максимальне провітрювання.
Посилений каркас теплиці з кроком 0,6 м витримує снігове навантаження до 40 кг/м кв., вітрову — 30 кг/м кв. Це дозволяє використовувати конструкцію для цілорічного вирощування тепличних культур.
"	https://fabrika-teplic.com/ua/wp-content/uploads/sites/2/2020/02/tunel-folia-3x6-stal-ocynk-002.jpg%2Chttps://fabrika-teplic.com/ua/wp-content/uploads/sites/2/2020/02/tunel-folia-3x6-stal-ocynk-003.jpg%2Chttps://fabrika-teplic.com/ua/wp-content/uploads/sites/2/2020/02/tunel-folia-3x6-stal-ocynk-004.jpg%2Chttps://fabrika-teplic.com/ua/wp-content/uploads/sites/2/2020/02/tunel-folia-3x6-stal-ocynk-005.jpg%2Chttps://fabrika-teplic.com/ua/wp-content/uploads/sites/2/2020/02/tunel-folia-3x6-stal-ocynk-006.jpg%2Chttps://fabrika-teplic.com/ua/wp-content/uploads/sites/2/2020/02/tunel-folia-3x6-stal-ocynk-007.jpg%2Chttps://fabrika-teplic.com/ua/wp-content/uploads/sites/2/2020/02/tunel-folia-3x6-stal-ocynk-008.jpg%2Chttps://fabrika-teplic.com/ua/wp-content/uploads/sites/2/2020/02/tunel-folia-3x6-stal-ocynk-009.jpg%2Chttps://fabrika-teplic.com/ua/wp-content/uploads/sites/2/2020/02/tunel-folia-3x6-stal-ocynk-010.jpg	new	7842	7842	"Теплиці «Омега» з плівкою > Теплиці з плівкою"	https://fabrika-teplic.com/ua/wp-content/uploads/sites/2/2020/02/tunel-folia-3x6-stal-ocynk-020.png	"Теплиця «Омега» 3x4x2 з оцинкованого омега профілю з плівкою 150 мкм"		7842	"Home & Garden > Lawn & Garden > Gardening > Greenhouses"	"Теплиці «Омега» з плівкою > Теплиці з плівкою"	https://fabrika-teplic.com/ua/vitrina/teplyczya-omega-3x4x2-z-oczynkovanogo-omega-profilyu-z-plivkoyu-150-mkm/	"3500 UAH"	"in stock"	no
7845	"Зверніть увагу на товщину стінки профілю. Недобросовісні виробники вказують товщину 0,75 мм, а в дійсності використовують профіль товщиною 0,5 мм. Каркас наших теплиць зроблений з профілю з товщиною стінки 0,75 мм. При отриманні теплиці переміряйте товщину стінки профілю.
Вартість каркасу 3х8 м без плівки — 4 500 грн. Теплиця «Омега» з посиленим каркасом комплектується плівкою з УФ-захистом товщиною 120 мкм. Ширина каркаса — 3 м, довжина — 8 м, висота — 2 м. Вікна та двері є на обох сторонах теплиці, що забезпечує її максимальне провітрювання.
Посилений каркас теплиці з кроком 0,6 м витримує снігове навантаження до 40 кг/м кв., вітрову — 30 кг/м кв. Це дозволяє використовувати конструкцію для цілорічного вирощування тепличних культур.
"	https://fabrika-teplic.com/ua/wp-content/uploads/sites/2/2020/02/tunel-folia-3x6-stal-ocynk-002.jpg%2Chttps://fabrika-teplic.com/ua/wp-content/uploads/sites/2/2020/02/tunel-folia-3x6-stal-ocynk-003.jpg%2Chttps://fabrika-teplic.com/ua/wp-content/uploads/sites/2/2020/02/tunel-folia-3x6-stal-ocynk-004.jpg%2Chttps://fabrika-teplic.com/ua/wp-content/uploads/sites/2/2020/02/tunel-folia-3x6-stal-ocynk-005.jpg%2Chttps://fabrika-teplic.com/ua/wp-content/uploads/sites/2/2020/02/tunel-folia-3x6-stal-ocynk-006.jpg%2Chttps://fabrika-teplic.com/ua/wp-content/uploads/sites/2/2020/02/tunel-folia-3x6-stal-ocynk-007.jpg%2Chttps://fabrika-teplic.com/ua/wp-content/uploads/sites/2/2020/02/tunel-folia-3x6-stal-ocynk-008.jpg%2Chttps://fabrika-teplic.com/ua/wp-content/uploads/sites/2/2020/02/tunel-folia-3x6-stal-ocynk-009.jpg%2Chttps://fabrika-teplic.com/ua/wp-content/uploads/sites/2/2020/02/tunel-folia-3x6-stal-ocynk-010.jpg	new	7845	7845	"Теплиці «Омега» з плівкою > Теплиці з плівкою"	https://fabrika-teplic.com/ua/wp-content/uploads/sites/2/2020/02/tunel-folia-3x6-stal-ocynk-020.png	"Теплиця «Омега» 3х8x2 з оцинкованого омега профілю з плівкою 120 мкм"		7845	"Home & Garden > Lawn & Garden > Gardening > Greenhouses"	"Теплиці «Омега» з плівкою > Теплиці з плівкою"	https://fabrika-teplic.com/ua/vitrina/teplyczya-omega-3h8x2-z-oczynkovanogo-omega-profilyu-z-plivkoyu-120-mkm/	"5100 UAH"	"in stock"	no
7847	"Зверніть увагу на товщину стінки профілю. Недобросовісні виробники вказують товщину 0,75 мм, а в дійсності використовують профіль товщиною 0,5 мм. Каркас наших теплиць зроблений з профілю з товщиною стінки 0,75 мм. При отриманні теплиці переміряйте товщину стінки профілю.
Вартість каркасу 3х8 м без плівки — 4 500 грн. Теплиця «Омега» з посиленим каркасом комплектується плівкою з УФ-захистом товщиною 150 мкм. Ширина каркаса — 3 м, довжина — 8 м, висота — 2 м. Вікна та двері є на обох сторонах теплиці, що забезпечує її максимальне провітрювання.
Посилений каркас теплиці з кроком 0,6 м витримує снігове навантаження до 40 кг/м кв., вітрову — 30 кг/м кв. Це дозволяє використовувати конструкцію для цілорічного вирощування тепличних культур.
"	https://fabrika-teplic.com/ua/wp-content/uploads/sites/2/2020/02/tunel-folia-3x6-stal-ocynk-002.jpg%2Chttps://fabrika-teplic.com/ua/wp-content/uploads/sites/2/2020/02/tunel-folia-3x6-stal-ocynk-003.jpg%2Chttps://fabrika-teplic.com/ua/wp-content/uploads/sites/2/2020/02/tunel-folia-3x6-stal-ocynk-004.jpg%2Chttps://fabrika-teplic.com/ua/wp-content/uploads/sites/2/2020/02/tunel-folia-3x6-stal-ocynk-005.jpg%2Chttps://fabrika-teplic.com/ua/wp-content/uploads/sites/2/2020/02/tunel-folia-3x6-stal-ocynk-006.jpg%2Chttps://fabrika-teplic.com/ua/wp-content/uploads/sites/2/2020/02/tunel-folia-3x6-stal-ocynk-007.jpg%2Chttps://fabrika-teplic.com/ua/wp-content/uploads/sites/2/2020/02/tunel-folia-3x6-stal-ocynk-008.jpg%2Chttps://fabrika-teplic.com/ua/wp-content/uploads/sites/2/2020/02/tunel-folia-3x6-stal-ocynk-009.jpg%2Chttps://fabrika-teplic.com/ua/wp-content/uploads/sites/2/2020/02/tunel-folia-3x6-stal-ocynk-010.jpg	new	7847	7847	"Теплиці «Омега» з плівкою > Теплиці з плівкою"	https://fabrika-teplic.com/ua/wp-content/uploads/sites/2/2020/02/tunel-folia-3x6-stal-ocynk-020.png	"Теплиця «Омега» 3x8x2 з оцинкованого омега профілю з плівкою 150 мкм"		7847	"Home & Garden > Lawn & Garden > Gardening > Greenhouses"	"Теплиці «Омега» з плівкою > Теплиці з плівкою"	https://fabrika-teplic.com/ua/vitrina/teplyczya-omega-3x8x2-z-oczynkovanogo-omega-profilyu-z-plivkoyu-150-mkm/	"5400 UAH"	"in stock"	no
7848	"Зверніть увагу на товщину стінки профілю. Недобросовісні виробники вказують товщину 0,75 мм, а в дійсності використовують профіль товщиною 0,5 мм. Каркас наших теплиць зроблений з профілю з товщиною стінки 0,75 мм. При отриманні теплиці переміряйте товщину стінки профілю.
Вартість каркасу 3х10 м без плівки — 5 600 грн. Теплиця «Омега» з посиленим каркасом комплектується плівкою з УФ-захистом товщиною 120 мкм. Ширина каркаса — 3 м, довжина — 10 м, висота — 2 м. Вікна та двері є на обох сторонах теплиці, що забезпечує її максимальне провітрювання.
Посилений каркас теплиці з кроком 0,6 м витримує снігове навантаження до 40 кг/м кв., вітрову — 30 кг/м кв. Це дозволяє використовувати конструкцію для цілорічного вирощування тепличних культур.
"	https://fabrika-teplic.com/ua/wp-content/uploads/sites/2/2020/02/tunel-folia-3x6-stal-ocynk-002.jpg%2Chttps://fabrika-teplic.com/ua/wp-content/uploads/sites/2/2020/02/tunel-folia-3x6-stal-ocynk-003.jpg%2Chttps://fabrika-teplic.com/ua/wp-content/uploads/sites/2/2020/02/tunel-folia-3x6-stal-ocynk-004.jpg%2Chttps://fabrika-teplic.com/ua/wp-content/uploads/sites/2/2020/02/tunel-folia-3x6-stal-ocynk-005.jpg%2Chttps://fabrika-teplic.com/ua/wp-content/uploads/sites/2/2020/02/tunel-folia-3x6-stal-ocynk-006.jpg%2Chttps://fabrika-teplic.com/ua/wp-content/uploads/sites/2/2020/02/tunel-folia-3x6-stal-ocynk-007.jpg%2Chttps://fabrika-teplic.com/ua/wp-content/uploads/sites/2/2020/02/tunel-folia-3x6-stal-ocynk-008.jpg%2Chttps://fabrika-teplic.com/ua/wp-content/uploads/sites/2/2020/02/tunel-folia-3x6-stal-ocynk-009.jpg%2Chttps://fabrika-teplic.com/ua/wp-content/uploads/sites/2/2020/02/tunel-folia-3x6-stal-ocynk-010.jpg	new	7848	7848	"Теплиці «Омега» з плівкою > Теплиці з плівкою"	https://fabrika-teplic.com/ua/wp-content/uploads/sites/2/2020/02/tunel-folia-3x6-stal-ocynk-020.png	"Теплиця «Омега» 3х10x2 з оцинкованого омега профілю з плівкою 120 мкм"		7848	"Home & Garden > Lawn & Garden > Gardening > Greenhouses"	"Теплиці «Омега» з плівкою > Теплиці з плівкою"	https://fabrika-teplic.com/ua/vitrina/teplyczya-omega-3h10x2-z-oczynkovanogo-omega-profilyu-z-plivkoyu-120-mkm/	"6250 UAH"	"in stock"	no
7850	"Зверніть увагу на товщину стінки профілю. Недобросовісні виробники вказують товщину 0,75 мм, а в дійсності використовують профіль товщиною 0,5 мм. Каркас наших теплиць зроблений з профілю з товщиною стінки 0,75 мм. При отриманні теплиці переміряйте товщину стінки профілю.
Вартість каркасу 3х10 м без плівки — 5 600 грн. Теплиця «Омега» з посиленим каркасом комплектується плівкою з УФ-захистом товщиною 150 мкм. Ширина каркаса — 3 м, довжина — 6 м, висота — 2 м. Вікна та двері є на обох сторонах теплиці, що забезпечує її максимальне провітрювання.
Посилений каркас теплиці з кроком 0,6 м витримує снігове навантаження до 40 кг/м кв., вітрову — 30 кг/м кв. Це дозволяє використовувати конструкцію для цілорічного вирощування тепличних культур.
"	https://fabrika-teplic.com/ua/wp-content/uploads/sites/2/2020/02/tunel-folia-3x6-stal-ocynk-002.jpg%2Chttps://fabrika-teplic.com/ua/wp-content/uploads/sites/2/2020/02/tunel-folia-3x6-stal-ocynk-003.jpg%2Chttps://fabrika-teplic.com/ua/wp-content/uploads/sites/2/2020/02/tunel-folia-3x6-stal-ocynk-004.jpg%2Chttps://fabrika-teplic.com/ua/wp-content/uploads/sites/2/2020/02/tunel-folia-3x6-stal-ocynk-005.jpg%2Chttps://fabrika-teplic.com/ua/wp-content/uploads/sites/2/2020/02/tunel-folia-3x6-stal-ocynk-006.jpg%2Chttps://fabrika-teplic.com/ua/wp-content/uploads/sites/2/2020/02/tunel-folia-3x6-stal-ocynk-007.jpg%2Chttps://fabrika-teplic.com/ua/wp-content/uploads/sites/2/2020/02/tunel-folia-3x6-stal-ocynk-008.jpg%2Chttps://fabrika-teplic.com/ua/wp-content/uploads/sites/2/2020/02/tunel-folia-3x6-stal-ocynk-009.jpg%2Chttps://fabrika-teplic.com/ua/wp-content/uploads/sites/2/2020/02/tunel-folia-3x6-stal-ocynk-010.jpg	new	7850	7850	"Теплиці «Омега» з плівкою > Теплиці з плівкою"	https://fabrika-teplic.com/ua/wp-content/uploads/sites/2/2020/02/tunel-folia-3x6-stal-ocynk-020.png	"Теплиця «Омега» 3x10x2 з оцинкованого омега профілю з плівкою 150 мкм"		7850	"Home & Garden > Lawn & Garden > Gardening > Greenhouses"	"Теплиці «Омега» з плівкою > Теплиці з плівкою"	https://fabrika-teplic.com/ua/vitrina/teplyczya-omega-3x10x2-z-oczynkovanogo-omega-profilyu-z-plivkoyu-150-mkm/	"6700 UAH"	"in stock"	no
7851	"Зверніть увагу на товщину стінки профілю. Недобросовісні виробники вказують товщину 0,75 мм, а в дійсності використовують профіль товщиною 0,5 мм. Каркас наших теплиць зроблений з профілю з товщиною стінки 0,75 мм. При отриманні теплиці переміряйте товщину стінки профілю.
Вартість каркасу 4х6 м без плівки — 4 500 грн. Теплиця «Омега» з посиленим каркасом комплектується плівкою з УФ-захистом товщиною 120 мкм. Ширина каркаса — 4 м, довжина — 6 м, висота — 2,2 м. Вікна та двері є на обох сторонах теплиці, що забезпечує її максимальне провітрювання.
Посилений каркас теплиці з кроком 0,6 м витримує снігове навантаження до 40 кг/м кв., вітрову — 30 кг/м кв. Це дозволяє використовувати конструкцію для цілорічного вирощування тепличних культур.
"	https://fabrika-teplic.com/ua/wp-content/uploads/sites/2/2020/02/tunel-folia-3x6-stal-ocynk-002.jpg%2Chttps://fabrika-teplic.com/ua/wp-content/uploads/sites/2/2020/02/tunel-folia-3x6-stal-ocynk-003.jpg%2Chttps://fabrika-teplic.com/ua/wp-content/uploads/sites/2/2020/02/tunel-folia-3x6-stal-ocynk-004.jpg%2Chttps://fabrika-teplic.com/ua/wp-content/uploads/sites/2/2020/02/tunel-folia-3x6-stal-ocynk-005.jpg%2Chttps://fabrika-teplic.com/ua/wp-content/uploads/sites/2/2020/02/tunel-folia-3x6-stal-ocynk-006.jpg%2Chttps://fabrika-teplic.com/ua/wp-content/uploads/sites/2/2020/02/tunel-folia-3x6-stal-ocynk-007.jpg%2Chttps://fabrika-teplic.com/ua/wp-content/uploads/sites/2/2020/02/tunel-folia-3x6-stal-ocynk-008.jpg%2Chttps://fabrika-teplic.com/ua/wp-content/uploads/sites/2/2020/02/tunel-folia-3x6-stal-ocynk-009.jpg%2Chttps://fabrika-teplic.com/ua/wp-content/uploads/sites/2/2020/02/tunel-folia-3x6-stal-ocynk-010.jpg	new	7851	7851	"Теплиці «Омега» з плівкою > Теплиці з плівкою"	https://fabrika-teplic.com/ua/wp-content/uploads/sites/2/2020/02/tunel-folia-3x6-stal-ocynk-020.png	"Теплиця «Омега» 4х6x2,2 з оцинкованого омега профілю з плівкою 120 мкм"		7851	"Home & Garden > Lawn & Garden > Gardening > Greenhouses"	"Теплиці «Омега» з плівкою > Теплиці з плівкою"	https://fabrika-teplic.com/ua/vitrina/teplyczya-omega-4h6x22-z-oczynkovanogo-omega-profilyu-z-plivkoyu-120-mkm/	"5450 UAH"	"in stock"	no
7853	"Зверніть увагу на товщину стінки профілю. Недобросовісні виробники вказують товщину 0,75 мм, а в дійсності використовують профіль товщиною 0,5 мм. Каркас наших теплиць зроблений з профілю з товщиною стінки 0,75 мм. При отриманні теплиці переміряйте товщину стінки профілю.
Вартість каркасу 4х6 м без плівки — 4 500 грн. Теплиця «Омега» з посиленим каркасом комплектується плівкою з УФ-захистом товщиною 150 мкм. Ширина каркаса — 4 м, довжина — 6 м, висота — 2,2 м. Вікна та двері є на обох сторонах теплиці, що забезпечує її максимальне провітрювання.
Посилений каркас теплиці з кроком 0,6 м витримує снігове навантаження до 40 кг/м кв., вітрову — 30 кг/м кв. Це дозволяє використовувати конструкцію для цілорічного вирощування тепличних культур.
"	https://fabrika-teplic.com/ua/wp-content/uploads/sites/2/2020/02/tunel-folia-3x6-stal-ocynk-002.jpg%2Chttps://fabrika-teplic.com/ua/wp-content/uploads/sites/2/2020/02/tunel-folia-3x6-stal-ocynk-003.jpg%2Chttps://fabrika-teplic.com/ua/wp-content/uploads/sites/2/2020/02/tunel-folia-3x6-stal-ocynk-004.jpg%2Chttps://fabrika-teplic.com/ua/wp-content/uploads/sites/2/2020/02/tunel-folia-3x6-stal-ocynk-005.jpg%2Chttps://fabrika-teplic.com/ua/wp-content/uploads/sites/2/2020/02/tunel-folia-3x6-stal-ocynk-006.jpg%2Chttps://fabrika-teplic.com/ua/wp-content/uploads/sites/2/2020/02/tunel-folia-3x6-stal-ocynk-007.jpg%2Chttps://fabrika-teplic.com/ua/wp-content/uploads/sites/2/2020/02/tunel-folia-3x6-stal-ocynk-008.jpg%2Chttps://fabrika-teplic.com/ua/wp-content/uploads/sites/2/2020/02/tunel-folia-3x6-stal-ocynk-009.jpg%2Chttps://fabrika-teplic.com/ua/wp-content/uploads/sites/2/2020/02/tunel-folia-3x6-stal-ocynk-010.jpg	new	7853	7853	"Теплиці «Омега» з плівкою > Теплиці з плівкою"	https://fabrika-teplic.com/ua/wp-content/uploads/sites/2/2020/02/tunel-folia-3x6-stal-ocynk-020.png	"Теплиця «Омега» 4х6x2,2 з оцинкованого омега профілю з плівкою 150 мкм"		7853	"Home & Garden > Lawn & Garden > Gardening > Greenhouses"	"Теплиці «Омега» з плівкою > Теплиці з плівкою"	https://fabrika-teplic.com/ua/vitrina/teplyczya-omega-4h6x22-z-oczynkovanogo-omega-profilyu-z-plivkoyu-150-mkm/	"6000 UAH"	"in stock"	no
7854	"Зверніть увагу на товщину стінки профілю. Недобросовісні виробники вказують товщину 0,75 мм, а в дійсності використовують профіль товщиною 0,5 мм. Каркас наших теплиць зроблений з профілю з товщиною стінки 0,75 мм. При отриманні теплиці переміряйте товщину стінки профілю.
Вартість каркасу 4х8 м без плівки — 5 400 грн. Теплиця «Омега» з посиленим каркасом комплектується плівкою з УФ-захистом товщиною 120 мкм. Ширина каркаса — 4 м, довжина — 8 м, висота — 2,2 м. Вікна та двері є на обох сторонах теплиці, що забезпечує її максимальне провітрювання.
Посилений каркас теплиці з кроком 0,6 м витримує снігове навантаження до 40 кг/м кв., вітрову — 30 кг/м кв. Це дозволяє використовувати конструкцію для цілорічного вирощування тепличних культур.
"	https://fabrika-teplic.com/ua/wp-content/uploads/sites/2/2020/02/tunel-folia-3x6-stal-ocynk-002.jpg%2Chttps://fabrika-teplic.com/ua/wp-content/uploads/sites/2/2020/02/tunel-folia-3x6-stal-ocynk-003.jpg%2Chttps://fabrika-teplic.com/ua/wp-content/uploads/sites/2/2020/02/tunel-folia-3x6-stal-ocynk-004.jpg%2Chttps://fabrika-teplic.com/ua/wp-content/uploads/sites/2/2020/02/tunel-folia-3x6-stal-ocynk-005.jpg%2Chttps://fabrika-teplic.com/ua/wp-content/uploads/sites/2/2020/02/tunel-folia-3x6-stal-ocynk-006.jpg%2Chttps://fabrika-teplic.com/ua/wp-content/uploads/sites/2/2020/02/tunel-folia-3x6-stal-ocynk-007.jpg%2Chttps://fabrika-teplic.com/ua/wp-content/uploads/sites/2/2020/02/tunel-folia-3x6-stal-ocynk-008.jpg%2Chttps://fabrika-teplic.com/ua/wp-content/uploads/sites/2/2020/02/tunel-folia-3x6-stal-ocynk-009.jpg%2Chttps://fabrika-teplic.com/ua/wp-content/uploads/sites/2/2020/02/tunel-folia-3x6-stal-ocynk-010.jpg	new	7854	7854	"Теплиці «Омега» з плівкою > Теплиці з плівкою"	https://fabrika-teplic.com/ua/wp-content/uploads/sites/2/2020/02/tunel-folia-3x6-stal-ocynk-020.png	"Теплиця «Омега» 4х8x2,2 з оцинкованого омега профілю з плівкою 120 мкм"		7854	"Home & Garden > Lawn & Garden > Gardening > Greenhouses"	"Теплиці «Омега» з плівкою > Теплиці з плівкою"	https://fabrika-teplic.com/ua/vitrina/teplyczya-omega-4h8x22-z-oczynkovanogo-omega-profilyu-z-plivkoyu-120-mkm/	"6300 UAH"	"in stock"	no
7856	"Зверніть увагу на товщину стінки профілю. Недобросовісні виробники вказують товщину 0,75 мм, а в дійсності використовують профіль товщиною 0,5 мм. Каркас наших теплиць зроблений з профілю з товщиною стінки 0,75 мм. При отриманні теплиці переміряйте товщину стінки профілю.
Вартість каркасу 4х8 м без плівки — 5 400 грн. Теплиця «Омега» з посиленим каркасом комплектується плівкою з УФ-захистом товщиною 150 мкм. Ширина каркаса — 4 м, довжина — 8 м, висота — 2,2 м. Вікна та двері є на обох сторонах теплиці, що забезпечує її максимальне провітрювання.
Посилений каркас теплиці з кроком 0,6 м витримує снігове навантаження до 40 кг/м кв., вітрову — 30 кг/м кв. Це дозволяє використовувати конструкцію для цілорічного вирощування тепличних культур.
"	https://fabrika-teplic.com/ua/wp-content/uploads/sites/2/2020/02/tunel-folia-3x6-stal-ocynk-002.jpg%2Chttps://fabrika-teplic.com/ua/wp-content/uploads/sites/2/2020/02/tunel-folia-3x6-stal-ocynk-003.jpg%2Chttps://fabrika-teplic.com/ua/wp-content/uploads/sites/2/2020/02/tunel-folia-3x6-stal-ocynk-004.jpg%2Chttps://fabrika-teplic.com/ua/wp-content/uploads/sites/2/2020/02/tunel-folia-3x6-stal-ocynk-005.jpg%2Chttps://fabrika-teplic.com/ua/wp-content/uploads/sites/2/2020/02/tunel-folia-3x6-stal-ocynk-006.jpg%2Chttps://fabrika-teplic.com/ua/wp-content/uploads/sites/2/2020/02/tunel-folia-3x6-stal-ocynk-007.jpg%2Chttps://fabrika-teplic.com/ua/wp-content/uploads/sites/2/2020/02/tunel-folia-3x6-stal-ocynk-008.jpg%2Chttps://fabrika-teplic.com/ua/wp-content/uploads/sites/2/2020/02/tunel-folia-3x6-stal-ocynk-009.jpg%2Chttps://fabrika-teplic.com/ua/wp-content/uploads/sites/2/2020/02/tunel-folia-3x6-stal-ocynk-010.jpg	new	7856	7856	"Теплиці «Омега» з плівкою > Теплиці з плівкою"	https://fabrika-teplic.com/ua/wp-content/uploads/sites/2/2020/02/tunel-folia-3x6-stal-ocynk-020.png	"Теплиця «Омега» 4х8x2,2 з оцинкованого омега профілю з плівкою 150 мкм"		7856	"Home & Garden > Lawn & Garden > Gardening > Greenhouses"	"Теплиці «Омега» з плівкою > Теплиці з плівкою"	https://fabrika-teplic.com/ua/vitrina/teplyczya-omega-4h8x22-z-oczynkovanogo-omega-profilyu-z-plivkoyu-150-mkm/	"6850 UAH"	"in stock"	no
7858	"Зверніть увагу на товщину стінки профілю. Недобросовісні виробники вказують товщину 0,75 мм, а в дійсності використовують профіль товщиною 0,5 мм. Каркас наших теплиць зроблений з профілю з товщиною стінки 0,75 мм. При отриманні теплиці переміряйте товщину стінки профілю.
Вартість каркасу 4х10 м без плівки — 6 300 грн. Теплиця «Омега» з посиленим каркасом комплектується плівкою з УФ-захистом товщиною 120 мкм. Ширина каркаса — 4 м, довжина — 10 м, висота — 2,2 м. Вікна та двері є на обох сторонах теплиці, що забезпечує її максимальне провітрювання.
Посилений каркас теплиці з кроком 0,6 м витримує снігове навантаження до 40 кг/м кв., вітрову — 30 кг/м кв. Це дозволяє використовувати конструкцію для цілорічного вирощування тепличних культур.
"	https://fabrika-teplic.com/ua/wp-content/uploads/sites/2/2020/02/tunel-folia-3x6-stal-ocynk-002.jpg%2Chttps://fabrika-teplic.com/ua/wp-content/uploads/sites/2/2020/02/tunel-folia-3x6-stal-ocynk-003.jpg%2Chttps://fabrika-teplic.com/ua/wp-content/uploads/sites/2/2020/02/tunel-folia-3x6-stal-ocynk-004.jpg%2Chttps://fabrika-teplic.com/ua/wp-content/uploads/sites/2/2020/02/tunel-folia-3x6-stal-ocynk-005.jpg%2Chttps://fabrika-teplic.com/ua/wp-content/uploads/sites/2/2020/02/tunel-folia-3x6-stal-ocynk-006.jpg%2Chttps://fabrika-teplic.com/ua/wp-content/uploads/sites/2/2020/02/tunel-folia-3x6-stal-ocynk-007.jpg%2Chttps://fabrika-teplic.com/ua/wp-content/uploads/sites/2/2020/02/tunel-folia-3x6-stal-ocynk-008.jpg%2Chttps://fabrika-teplic.com/ua/wp-content/uploads/sites/2/2020/02/tunel-folia-3x6-stal-ocynk-009.jpg%2Chttps://fabrika-teplic.com/ua/wp-content/uploads/sites/2/2020/02/tunel-folia-3x6-stal-ocynk-010.jpg	new	7858	7858	"Теплиці «Омега» з плівкою > Теплиці з плівкою"	https://fabrika-teplic.com/ua/wp-content/uploads/sites/2/2020/02/tunel-folia-3x6-stal-ocynk-020.png	"Теплиця «Омега» 4х10x2,2 з оцинкованого омега профілю з плівкою 120 мкм"		7858	"Home & Garden > Lawn & Garden > Gardening > Greenhouses"	"Теплиці «Омега» з плівкою > Теплиці з плівкою"	https://fabrika-teplic.com/ua/vitrina/teplyczya-omega-4h10x22-z-oczynkovanogo-omega-profilyu-z-plivkoyu-120-mkm/	"7400 UAH"	"in stock"	no
7860	"Зверніть увагу на товщину стінки профілю. Недобросовісні виробники вказують товщину 0,75 мм, а в дійсності використовують профіль товщиною 0,5 мм. Каркас наших теплиць зроблений з профілю з товщиною стінки 0,75 мм. При отриманні теплиці переміряйте товщину стінки профілю.
Вартість каркасу 4х10 м без плівки — 6 300 грн. Теплиця «Омега» з посиленим каркасом комплектується плівкою з УФ-захистом товщиною 150 мкм. Ширина каркаса — 4 м, довжина — 10 м, висота — 2,2 м. Вікна та двері є на обох сторонах теплиці, що забезпечує її максимальне провітрювання.
Посилений каркас теплиці з кроком 0,6 м витримує снігове навантаження до 40 кг/м кв., вітрову — 30 кг/м кв. Це дозволяє використовувати конструкцію для цілорічного вирощування тепличних культур.
"	https://fabrika-teplic.com/ua/wp-content/uploads/sites/2/2020/02/tunel-folia-3x6-stal-ocynk-002.jpg%2Chttps://fabrika-teplic.com/ua/wp-content/uploads/sites/2/2020/02/tunel-folia-3x6-stal-ocynk-003.jpg%2Chttps://fabrika-teplic.com/ua/wp-content/uploads/sites/2/2020/02/tunel-folia-3x6-stal-ocynk-004.jpg%2Chttps://fabrika-teplic.com/ua/wp-content/uploads/sites/2/2020/02/tunel-folia-3x6-stal-ocynk-005.jpg%2Chttps://fabrika-teplic.com/ua/wp-content/uploads/sites/2/2020/02/tunel-folia-3x6-stal-ocynk-006.jpg%2Chttps://fabrika-teplic.com/ua/wp-content/uploads/sites/2/2020/02/tunel-folia-3x6-stal-ocynk-007.jpg%2Chttps://fabrika-teplic.com/ua/wp-content/uploads/sites/2/2020/02/tunel-folia-3x6-stal-ocynk-008.jpg%2Chttps://fabrika-teplic.com/ua/wp-content/uploads/sites/2/2020/02/tunel-folia-3x6-stal-ocynk-009.jpg%2Chttps://fabrika-teplic.com/ua/wp-content/uploads/sites/2/2020/02/tunel-folia-3x6-stal-ocynk-010.jpg	new	7860	7860	"Теплиці «Омега» з плівкою > Теплиці з плівкою"	https://fabrika-teplic.com/ua/wp-content/uploads/sites/2/2020/02/tunel-folia-3x6-stal-ocynk-020.png	"Теплиця «Омега» 4х10x2,2 з оцинкованого омега профілю з плівкою 150 мкм"		7860	"Home & Garden > Lawn & Garden > Gardening > Greenhouses"	"Теплиці «Омега» з плівкою > Теплиці з плівкою"	https://fabrika-teplic.com/ua/vitrina/teplyczya-omega-4h10x22-z-oczynkovanogo-omega-profilyu-z-plivkoyu-150-mkm/	"8000 UAH"	"in stock"	no
7873	"Зверніть увагу на товщину стінки профілю. Недобросовісні виробники вказують товщину 0,75 мм, а в дійсності використовують профіль товщиною 0,5 мм. Каркас наших теплиць зроблений з профілю з товщиною стінки 0,75 мм. При отриманні теплиці переміряйте товщину стінки профілю.
Вартість каркасу 2х3 м без плівки — 2 200 грн. Теплиця «Омега» з посиленим каркасом комплектується плівкою з УФ-захистом товщиною 150 мкм. Ширина каркаса — 2 м, довжина — 3 м, висота — 2 м. Вікна та двері є на обох сторонах теплиці, що забезпечує її максимальне провітрювання.
Посилений каркас теплиці з кроком 0,6 м витримує снігове навантаження до 40 кг/м кв., вітрову — 30 кг/м кв. Це дозволяє використовувати конструкцію для цілорічного вирощування тепличних культур.
"	https://fabrika-teplic.com/ua/wp-content/uploads/sites/2/2020/02/tunel-folia-2x4-stal-ocynk-002.jpg%2Chttps://fabrika-teplic.com/ua/wp-content/uploads/sites/2/2020/02/tunel-folia-2x4-stal-ocynk-003.jpg%2Chttps://fabrika-teplic.com/ua/wp-content/uploads/sites/2/2020/02/tunel-folia-2x4-stal-ocynk-004.jpg%2Chttps://fabrika-teplic.com/ua/wp-content/uploads/sites/2/2020/02/tunel-folia-2x4-stal-ocynk-007.jpg%2Chttps://fabrika-teplic.com/ua/wp-content/uploads/sites/2/2020/02/tunel-folia-2x4-stal-ocynk-008.jpg%2Chttps://fabrika-teplic.com/ua/wp-content/uploads/sites/2/2020/02/tunel-folia-2x4-stal-ocynk-009.jpg%2Chttps://fabrika-teplic.com/ua/wp-content/uploads/sites/2/2020/02/tunel-folia-2x4-stal-ocynk-011.jpg	new	7873	7873	"Теплиці «Омега» з плівкою > Теплиці з плівкою"	https://fabrika-teplic.com/ua/wp-content/uploads/sites/2/2020/02/tunel-folia-2x4-stal-ocynk-022.png	"Теплиця «Омега» 2x3x2 з оцинкованого омега профілю з плівкою 150 мкм"		7873	"Home & Garden > Lawn & Garden > Gardening > Greenhouses"	"Теплиці «Омега» з плівкою > Теплиці з плівкою"	https://fabrika-teplic.com/ua/vitrina/teplyczya-omega-2x3x2-z-oczynkovanogo-omega-profilyu-z-plivkoyu-150-mkm/	"2650 UAH"	"in stock"	no
7875	"Зверніть увагу на товщину стінки профілю. Недобросовісні виробники вказують товщину 0,75 мм, а в дійсності використовують профіль товщиною 0,5 мм. Каркас наших теплиць зроблений з профілю з товщиною стінки 0,75 мм. При отриманні теплиці переміряйте товщину стінки профілю.
Вартість каркасу 2х4 м без плівки — 2 500 грн. Теплиця «Омега» з посиленим каркасом комплектується плівкою з УФ-захистом товщиною 120 мкм. Ширина каркаса — 2 м, довжина — 4 м, висота — 2 м. Вікна та двері є на обох сторонах теплиці, що забезпечує її максимальне провітрювання.
Посилений каркас теплиці з кроком 0,6 м витримує снігове навантаження до 40 кг/м кв., вітрову — 30 кг/м кв. Це дозволяє використовувати конструкцію для цілорічного вирощування тепличних культур.
"	https://fabrika-teplic.com/ua/wp-content/uploads/sites/2/2020/02/tunel-folia-2x4-stal-ocynk-002.jpg%2Chttps://fabrika-teplic.com/ua/wp-content/uploads/sites/2/2020/02/tunel-folia-2x4-stal-ocynk-003.jpg%2Chttps://fabrika-teplic.com/ua/wp-content/uploads/sites/2/2020/02/tunel-folia-2x4-stal-ocynk-004.jpg%2Chttps://fabrika-teplic.com/ua/wp-content/uploads/sites/2/2020/02/tunel-folia-2x4-stal-ocynk-007.jpg%2Chttps://fabrika-teplic.com/ua/wp-content/uploads/sites/2/2020/02/tunel-folia-2x4-stal-ocynk-008.jpg%2Chttps://fabrika-teplic.com/ua/wp-content/uploads/sites/2/2020/02/tunel-folia-2x4-stal-ocynk-009.jpg%2Chttps://fabrika-teplic.com/ua/wp-content/uploads/sites/2/2020/02/tunel-folia-2x4-stal-ocynk-011.jpg	new	7875	7875	"Теплиці «Омега» з плівкою > Теплиці з плівкою"	https://fabrika-teplic.com/ua/wp-content/uploads/sites/2/2020/02/tunel-folia-2x4-stal-ocynk-022.png	"Теплиця «Омега» 2x4x2 з оцинкованого омега профілю з плівкою 120 мкм"		7875	"Home & Garden > Lawn & Garden > Gardening > Greenhouses"	"Теплиці «Омега» з плівкою > Теплиці з плівкою"	https://fabrika-teplic.com/ua/vitrina/teplyczya-omega-2x4x2-z-oczynkovanogo-omega-profilyu-z-plivkoyu-120-mkm/	"2950 UAH"	"in stock"	no
7878	"Зверніть увагу на товщину стінки профілю. Недобросовісні виробники вказують товщину 0,75 мм, а в дійсності використовують профіль товщиною 0,5 мм. Каркас наших теплиць зроблений з профілю з товщиною стінки 0,75 мм. При отриманні теплиці переміряйте товщину стінки профілю.
Вартість каркасу 2х4 м без плівки — 2 500 грн. Теплиця «Омега» з посиленим каркасом комплектується плівкою з УФ-захистом товщиною 150 мкм. Ширина каркаса — 2 м, довжина — 4 м, висота — 2 м. Вікна та двері є на обох сторонах теплиці, що забезпечує її максимальне провітрювання.
Посилений каркас теплиці з кроком 0,6 м витримує снігове навантаження до 40 кг/м кв., вітрову — 30 кг/м кв. Це дозволяє використовувати конструкцію для цілорічного вирощування тепличних культур.
"	https://fabrika-teplic.com/ua/wp-content/uploads/sites/2/2020/02/tunel-folia-2x4-stal-ocynk-002.jpg%2Chttps://fabrika-teplic.com/ua/wp-content/uploads/sites/2/2020/02/tunel-folia-2x4-stal-ocynk-003.jpg%2Chttps://fabrika-teplic.com/ua/wp-content/uploads/sites/2/2020/02/tunel-folia-2x4-stal-ocynk-004.jpg%2Chttps://fabrika-teplic.com/ua/wp-content/uploads/sites/2/2020/02/tunel-folia-2x4-stal-ocynk-007.jpg%2Chttps://fabrika-teplic.com/ua/wp-content/uploads/sites/2/2020/02/tunel-folia-2x4-stal-ocynk-008.jpg%2Chttps://fabrika-teplic.com/ua/wp-content/uploads/sites/2/2020/02/tunel-folia-2x4-stal-ocynk-009.jpg%2Chttps://fabrika-teplic.com/ua/wp-content/uploads/sites/2/2020/02/tunel-folia-2x4-stal-ocynk-011.jpg	new	7878	7878	"Теплиці «Омега» з плівкою > Теплиці з плівкою"	https://fabrika-teplic.com/ua/wp-content/uploads/sites/2/2020/02/tunel-folia-2x4-stal-ocynk-022.png	"Теплиця «Омега» 2x4x2 з оцинкованого омега профілю з плівкою 150 мкм"		7878	"Home & Garden > Lawn & Garden > Gardening > Greenhouses"	"Теплиці «Омега» з плівкою > Теплиці з плівкою"	https://fabrika-teplic.com/ua/vitrina/teplyczya-omega-2x4x2-z-oczynkovanogo-omega-profilyu-z-plivkoyu-150-mkm/	"3150 UAH"	"in stock"	no
7971	"Каркас теплиці «Титан» виготовлений з оцинкованої квадратної профільної труби 20х20 мм з товщиною стінки 1,5 мм. Покриття цинком забезпечує антикорозійність і тривалий термін служби металу. Гарантійний термін експлуатації каркаса з оцинкованої сталі — 15 років.
Каркас має додаткові посилення, завдяки яким теплична конструкція витримує значні механічні навантаження. Це діагональні посилення в бічних частинах теплиці і посилені балки в верхній частині кожної арки. Витримувана міцність каркасу 250 кг/м кв.
"	https://fabrika-teplic.com/ua/wp-content/uploads/sites/2/2019/11/teplica-titan-13.jpg%2Chttps://fabrika-teplic.com/ua/wp-content/uploads/sites/2/2019/11/teplica-titan-03.jpg%2Chttps://fabrika-teplic.com/ua/wp-content/uploads/sites/2/2019/11/teplica-titan-02.jpg%2Chttps://fabrika-teplic.com/ua/wp-content/uploads/sites/2/2019/11/teplica-titan-09.jpg%2Chttps://fabrika-teplic.com/ua/wp-content/uploads/sites/2/2019/11/teplica-titan-07.jpg%2Chttps://fabrika-teplic.com/ua/wp-content/uploads/sites/2/2019/11/teplica-titan-05.jpg%2Chttps://fabrika-teplic.com/ua/wp-content/uploads/sites/2/2019/11/teplica-titan-16.jpg%2Chttps://fabrika-teplic.com/ua/wp-content/uploads/sites/2/2019/11/teplica-titan-14.jpg%2Chttps://fabrika-teplic.com/ua/wp-content/uploads/sites/2/2019/11/teplica-titan-12.jpg	new	7971	7971	"Теплиці «Титан» з полікарбонатом > Теплиці з"	https://fabrika-teplic.com/ua/wp-content/uploads/sites/2/2019/11/titan-17.png	"Теплиця «Титан» 3x6x2 з оцинкованої квадратної труби з полікарбонатом Soton Nano 6 мм"		7971	"Home & Garden > Lawn & Garden > Gardening > Greenhouses"	"Теплиці «Титан» з полікарбонатом > Теплиці з полікарбонатом"	https://fabrika-teplic.com/ua/vitrina/teplyczya-tytan-3x6x2-z-oczynkovanoyi-kvadratnoyi-truby-z-polikarbonatom-soton-nano-6-mm/	"12350 UAH"	"in stock"	no
7972	"Каркас теплиці «Титан» виготовлений з оцинкованої квадратної профільної труби 20х20 мм з товщиною стінки 1,5 мм. Покриття цинком забезпечує антикорозійність і тривалий термін служби металу. Гарантійний термін експлуатації каркаса з оцинкованої сталі — 15 років.
Каркас має додаткові посилення, завдяки яким теплична конструкція витримує значні механічні навантаження. Це діагональні посилення в бічних частинах теплиці і посилені балки в верхній частині кожної арки. Витримувана міцність каркасу 250 кг/м кв.
"	https://fabrika-teplic.com/ua/wp-content/uploads/sites/2/2019/11/teplica-titan-13.jpg%2Chttps://fabrika-teplic.com/ua/wp-content/uploads/sites/2/2019/11/teplica-titan-03.jpg%2Chttps://fabrika-teplic.com/ua/wp-content/uploads/sites/2/2019/11/teplica-titan-02.jpg%2Chttps://fabrika-teplic.com/ua/wp-content/uploads/sites/2/2019/11/teplica-titan-09.jpg%2Chttps://fabrika-teplic.com/ua/wp-content/uploads/sites/2/2019/11/teplica-titan-07.jpg%2Chttps://fabrika-teplic.com/ua/wp-content/uploads/sites/2/2019/11/teplica-titan-05.jpg%2Chttps://fabrika-teplic.com/ua/wp-content/uploads/sites/2/2019/11/teplica-titan-16.jpg%2Chttps://fabrika-teplic.com/ua/wp-content/uploads/sites/2/2019/11/teplica-titan-14.jpg%2Chttps://fabrika-teplic.com/ua/wp-content/uploads/sites/2/2019/11/teplica-titan-12.jpg	new	7972	7972	"Теплиці «Титан» з полікарбонатом > Теплиці з"	https://fabrika-teplic.com/ua/wp-content/uploads/sites/2/2019/11/titan-17.png	"Теплиця «Титан» 3x6x2 з оцинкованої квадратної труби з полікарбонатом Soton Nano 8 мм"		7972	"Home & Garden > Lawn & Garden > Gardening > Greenhouses"	"Теплиці «Титан» з полікарбонатом > Теплиці з полікарбонатом"	https://fabrika-teplic.com/ua/vitrina/teplyczya-tytan-3x6x2-z-oczynkovanoyi-kvadratnoyi-truby-z-polikarbonatom-soton-nano-8-mm/	"13850 UAH"	"in stock"	no
7974	"Каркас теплиці «Титан» виготовлений з оцинкованої квадратної профільної труби 20х20 мм з товщиною стінки 1,5 мм. Покриття цинком забезпечує антикорозійність і тривалий термін служби металу. Гарантійний термін експлуатації каркаса з оцинкованої сталі — 15 років.
Каркас має додаткові посилення, завдяки яким теплична конструкція витримує значні механічні навантаження. Це діагональні посилення в бічних частинах теплиці і посилені балки в верхній частині кожної арки. Витримувана міцність каркасу 250 кг/м кв.
"	https://fabrika-teplic.com/ua/wp-content/uploads/sites/2/2019/11/teplica-titan-13.jpg%2Chttps://fabrika-teplic.com/ua/wp-content/uploads/sites/2/2019/11/teplica-titan-03.jpg%2Chttps://fabrika-teplic.com/ua/wp-content/uploads/sites/2/2019/11/teplica-titan-02.jpg%2Chttps://fabrika-teplic.com/ua/wp-content/uploads/sites/2/2019/11/teplica-titan-09.jpg%2Chttps://fabrika-teplic.com/ua/wp-content/uploads/sites/2/2019/11/teplica-titan-07.jpg%2Chttps://fabrika-teplic.com/ua/wp-content/uploads/sites/2/2019/11/teplica-titan-05.jpg%2Chttps://fabrika-teplic.com/ua/wp-content/uploads/sites/2/2019/11/teplica-titan-16.jpg%2Chttps://fabrika-teplic.com/ua/wp-content/uploads/sites/2/2019/11/teplica-titan-14.jpg%2Chttps://fabrika-teplic.com/ua/wp-content/uploads/sites/2/2019/11/teplica-titan-12.jpg	new	7974	7974	"Теплиці «Титан» з полікарбонатом > Теплиці з"	https://fabrika-teplic.com/ua/wp-content/uploads/sites/2/2019/11/titan-17.png	"Теплиця «Титан» 3x4x2 з оцинкованої квадратної труби з полікарбонатом Soton Nano 4 мм"		7974	"Home & Garden > Lawn & Garden > Gardening > Greenhouses"	"Теплиці «Титан» з полікарбонатом > Теплиці з полікарбонатом"	https://fabrika-teplic.com/ua/vitrina/teplyczya-tytan-3x4x2-z-oczynkovanoyi-kvadratnoyi-truby-z-polikarbonatom-soton-nano-4-mm/	"7100 UAH"	"in stock"	no
7975	"Каркас теплиці «Титан» виготовлений з оцинкованої квадратної профільної труби 20х20 мм з товщиною стінки 1,5 мм. Покриття цинком забезпечує антикорозійність і тривалий термін служби металу. Гарантійний термін експлуатації каркаса з оцинкованої сталі — 15 років.
Каркас має додаткові посилення, завдяки яким теплична конструкція витримує значні механічні навантаження. Це діагональні посилення в бічних частинах теплиці і посилені балки в верхній частині кожної арки. Витримувана міцність каркасу 250 кг/м кв.
"	https://fabrika-teplic.com/ua/wp-content/uploads/sites/2/2019/11/teplica-titan-13.jpg%2Chttps://fabrika-teplic.com/ua/wp-content/uploads/sites/2/2019/11/teplica-titan-03.jpg%2Chttps://fabrika-teplic.com/ua/wp-content/uploads/sites/2/2019/11/teplica-titan-02.jpg%2Chttps://fabrika-teplic.com/ua/wp-content/uploads/sites/2/2019/11/teplica-titan-09.jpg%2Chttps://fabrika-teplic.com/ua/wp-content/uploads/sites/2/2019/11/teplica-titan-07.jpg%2Chttps://fabrika-teplic.com/ua/wp-content/uploads/sites/2/2019/11/teplica-titan-05.jpg%2Chttps://fabrika-teplic.com/ua/wp-content/uploads/sites/2/2019/11/teplica-titan-16.jpg%2Chttps://fabrika-teplic.com/ua/wp-content/uploads/sites/2/2019/11/teplica-titan-14.jpg%2Chttps://fabrika-teplic.com/ua/wp-content/uploads/sites/2/2019/11/teplica-titan-12.jpg	new	7975	7975	"Теплиці «Титан» з полікарбонатом > Теплиці з"	https://fabrika-teplic.com/ua/wp-content/uploads/sites/2/2019/11/titan-17.png	"Теплиця «Титан» 3x4x2 з оцинкованої квадратної труби з полікарбонатом Soton Nano 6 мм"		7975	"Home & Garden > Lawn & Garden > Gardening > Greenhouses"	"Теплиці «Титан» з полікарбонатом > Теплиці з полікарбонатом"	https://fabrika-teplic.com/ua/vitrina/teplyczya-tytan-3x4x2-z-oczynkovanoyi-kvadratnoyi-truby-z-polikarbonatom-soton-nano-6-mm/	"9600 UAH"	"in stock"	no
7977	"Каркас теплиці «Титан» виготовлений з оцинкованої квадратної профільної труби 20х20 мм з товщиною стінки 1,5 мм. Покриття цинком забезпечує антикорозійність і тривалий термін служби металу. Гарантійний термін експлуатації каркаса з оцинкованої сталі — 15 років.
Каркас має додаткові посилення, завдяки яким теплична конструкція витримує значні механічні навантаження. Це діагональні посилення в бічних частинах теплиці і посилені балки в верхній частині кожної арки. Витримувана міцність каркасу 250 кг/м кв.
"	https://fabrika-teplic.com/ua/wp-content/uploads/sites/2/2019/11/teplica-titan-13.jpg%2Chttps://fabrika-teplic.com/ua/wp-content/uploads/sites/2/2019/11/teplica-titan-03.jpg%2Chttps://fabrika-teplic.com/ua/wp-content/uploads/sites/2/2019/11/teplica-titan-02.jpg%2Chttps://fabrika-teplic.com/ua/wp-content/uploads/sites/2/2019/11/teplica-titan-09.jpg%2Chttps://fabrika-teplic.com/ua/wp-content/uploads/sites/2/2019/11/teplica-titan-07.jpg%2Chttps://fabrika-teplic.com/ua/wp-content/uploads/sites/2/2019/11/teplica-titan-05.jpg%2Chttps://fabrika-teplic.com/ua/wp-content/uploads/sites/2/2019/11/teplica-titan-16.jpg%2Chttps://fabrika-teplic.com/ua/wp-content/uploads/sites/2/2019/11/teplica-titan-14.jpg%2Chttps://fabrika-teplic.com/ua/wp-content/uploads/sites/2/2019/11/teplica-titan-12.jpg	new	7977	7977	"Теплиці «Титан» з полікарбонатом > Теплиці з"	https://fabrika-teplic.com/ua/wp-content/uploads/sites/2/2019/11/titan-17.png	"Теплиця «Титан» 3x4x2 з оцинкованої квадратної труби з полікарбонатом Soton Nano 8 мм"		7977	"Home & Garden > Lawn & Garden > Gardening > Greenhouses"	"Теплиці «Титан» з полікарбонатом > Теплиці з полікарбонатом"	https://fabrika-teplic.com/ua/vitrina/teplyczya-tytan-3x4x2-z-oczynkovanoyi-kvadratnoyi-truby-z-polikarbonatom-soton-nano-8-mm/	"10700 UAH"	"in stock"	no
7978	"Каркас теплиці «Титан» виготовлений з оцинкованої квадратної профільної труби 20х20 мм з товщиною стінки 1,5 мм. Покриття цинком забезпечує антикорозійність і тривалий термін служби металу. Гарантійний термін експлуатації каркаса з оцинкованої сталі — 15 років.
Каркас має додаткові посилення, завдяки яким теплична конструкція витримує значні механічні навантаження. Це діагональні посилення в бічних частинах теплиці і посилені балки в верхній частині кожної арки. Витримувана міцність каркасу 250 кг/м кв.
"	https://fabrika-teplic.com/ua/wp-content/uploads/sites/2/2019/11/teplica-titan-13.jpg%2Chttps://fabrika-teplic.com/ua/wp-content/uploads/sites/2/2019/11/teplica-titan-03.jpg%2Chttps://fabrika-teplic.com/ua/wp-content/uploads/sites/2/2019/11/teplica-titan-02.jpg%2Chttps://fabrika-teplic.com/ua/wp-content/uploads/sites/2/2019/11/teplica-titan-09.jpg%2Chttps://fabrika-teplic.com/ua/wp-content/uploads/sites/2/2019/11/teplica-titan-07.jpg%2Chttps://fabrika-teplic.com/ua/wp-content/uploads/sites/2/2019/11/teplica-titan-05.jpg%2Chttps://fabrika-teplic.com/ua/wp-content/uploads/sites/2/2019/11/teplica-titan-16.jpg%2Chttps://fabrika-teplic.com/ua/wp-content/uploads/sites/2/2019/11/teplica-titan-14.jpg%2Chttps://fabrika-teplic.com/ua/wp-content/uploads/sites/2/2019/11/teplica-titan-12.jpg	new	7978	7978	"Теплиці «Титан» з полікарбонатом > Теплиці з"	https://fabrika-teplic.com/ua/wp-content/uploads/sites/2/2019/11/titan-17.png	"Теплиця «Титан» 3x8x2 з оцинкованої квадратної труби з полікарбонатом Soton Nano 4 мм"		7978	"Home & Garden > Lawn & Garden > Gardening > Greenhouses"	"Теплиці «Титан» з полікарбонатом > Теплиці з полікарбонатом"	https://fabrika-teplic.com/ua/vitrina/teplyczya-tytan-3x8x2-z-oczynkovanoyi-kvadratnoyi-truby-z-polikarbonatom-soton-nano-4-mm/	"10950 UAH"	"in stock"	no
7980	"Каркас теплиці «Титан» виготовлений з оцинкованої квадратної профільної труби 20х20 мм з товщиною стінки 1,5 мм. Покриття цинком забезпечує антикорозійність і тривалий термін служби металу. Гарантійний термін експлуатації каркаса з оцинкованої сталі — 15 років.
Каркас має додаткові посилення, завдяки яким теплична конструкція витримує значні механічні навантаження. Це діагональні посилення в бічних частинах теплиці і посилені балки в верхній частині кожної арки. Витримувана міцність каркасу 250 кг/м кв.
"	https://fabrika-teplic.com/ua/wp-content/uploads/sites/2/2019/11/teplica-titan-13.jpg%2Chttps://fabrika-teplic.com/ua/wp-content/uploads/sites/2/2019/11/teplica-titan-03.jpg%2Chttps://fabrika-teplic.com/ua/wp-content/uploads/sites/2/2019/11/teplica-titan-02.jpg%2Chttps://fabrika-teplic.com/ua/wp-content/uploads/sites/2/2019/11/teplica-titan-09.jpg%2Chttps://fabrika-teplic.com/ua/wp-content/uploads/sites/2/2019/11/teplica-titan-07.jpg%2Chttps://fabrika-teplic.com/ua/wp-content/uploads/sites/2/2019/11/teplica-titan-05.jpg%2Chttps://fabrika-teplic.com/ua/wp-content/uploads/sites/2/2019/11/teplica-titan-16.jpg%2Chttps://fabrika-teplic.com/ua/wp-content/uploads/sites/2/2019/11/teplica-titan-14.jpg%2Chttps://fabrika-teplic.com/ua/wp-content/uploads/sites/2/2019/11/teplica-titan-12.jpg	new	7980	7980	"Теплиці «Титан» з полікарбонатом > Теплиці з"	https://fabrika-teplic.com/ua/wp-content/uploads/sites/2/2019/11/titan-17.png	"Теплиця «Титан» 3x8x2 з оцинкованої квадратної труби з полікарбонатом Soton Nano 6 мм"		7980	"Home & Garden > Lawn & Garden > Gardening > Greenhouses"	"Теплиці «Титан» з полікарбонатом > Теплиці з полікарбонатом"	https://fabrika-teplic.com/ua/vitrina/teplyczya-tytan-3x8x2-z-oczynkovanoyi-kvadratnoyi-truby-z-polikarbonatom-soton-nano-6-mm/	"15100 UAH"	"in stock"	no
7981	"Каркас теплиці «Титан» виготовлений з оцинкованої квадратної профільної труби 20х20 мм з товщиною стінки 1,5 мм. Покриття цинком забезпечує антикорозійність і тривалий термін служби металу. Гарантійний термін експлуатації каркаса з оцинкованої сталі — 15 років.
Каркас має додаткові посилення, завдяки яким теплична конструкція витримує значні механічні навантаження. Це діагональні посилення в бічних частинах теплиці і посилені балки в верхній частині кожної арки. Витримувана міцність каркасу 250 кг/м кв.
"	https://fabrika-teplic.com/ua/wp-content/uploads/sites/2/2019/11/teplica-titan-13.jpg%2Chttps://fabrika-teplic.com/ua/wp-content/uploads/sites/2/2019/11/teplica-titan-03.jpg%2Chttps://fabrika-teplic.com/ua/wp-content/uploads/sites/2/2019/11/teplica-titan-02.jpg%2Chttps://fabrika-teplic.com/ua/wp-content/uploads/sites/2/2019/11/teplica-titan-09.jpg%2Chttps://fabrika-teplic.com/ua/wp-content/uploads/sites/2/2019/11/teplica-titan-07.jpg%2Chttps://fabrika-teplic.com/ua/wp-content/uploads/sites/2/2019/11/teplica-titan-05.jpg%2Chttps://fabrika-teplic.com/ua/wp-content/uploads/sites/2/2019/11/teplica-titan-16.jpg%2Chttps://fabrika-teplic.com/ua/wp-content/uploads/sites/2/2019/11/teplica-titan-14.jpg%2Chttps://fabrika-teplic.com/ua/wp-content/uploads/sites/2/2019/11/teplica-titan-12.jpg	new	7981	7981	"Теплиці «Титан» з полікарбонатом > Теплиці з"	https://fabrika-teplic.com/ua/wp-content/uploads/sites/2/2019/11/titan-17.png	"Теплиця «Титан» 3x8x2 з оцинкованої квадратної труби з полікарбонатом Soton Nano 8 мм"		7981	"Home & Garden > Lawn & Garden > Gardening > Greenhouses"	"Теплиці «Титан» з полікарбонатом > Теплиці з полікарбонатом"	https://fabrika-teplic.com/ua/vitrina/teplyczya-tytan-3x8x2-z-oczynkovanoyi-kvadratnoyi-truby-z-polikarbonatom-soton-nano-8-mm/	"16950 UAH"	"in stock"	no
7982	"Каркас теплиці «Титан» виготовлений з оцинкованої квадратної профільної труби 20х20 мм з товщиною стінки 1,5 мм. Покриття цинком забезпечує антикорозійність і тривалий термін служби металу. Гарантійний термін експлуатації каркаса з оцинкованої сталі — 15 років.
Каркас має додаткові посилення, завдяки яким теплична конструкція витримує значні механічні навантаження. Це діагональні посилення в бічних частинах теплиці і посилені балки в верхній частині кожної арки. Витримувана міцність каркасу 250 кг/м кв.
"	https://fabrika-teplic.com/ua/wp-content/uploads/sites/2/2019/11/teplica-titan-13.jpg%2Chttps://fabrika-teplic.com/ua/wp-content/uploads/sites/2/2019/11/teplica-titan-03.jpg%2Chttps://fabrika-teplic.com/ua/wp-content/uploads/sites/2/2019/11/teplica-titan-02.jpg%2Chttps://fabrika-teplic.com/ua/wp-content/uploads/sites/2/2019/11/teplica-titan-09.jpg%2Chttps://fabrika-teplic.com/ua/wp-content/uploads/sites/2/2019/11/teplica-titan-07.jpg%2Chttps://fabrika-teplic.com/ua/wp-content/uploads/sites/2/2019/11/teplica-titan-05.jpg%2Chttps://fabrika-teplic.com/ua/wp-content/uploads/sites/2/2019/11/teplica-titan-16.jpg%2Chttps://fabrika-teplic.com/ua/wp-content/uploads/sites/2/2019/11/teplica-titan-14.jpg%2Chttps://fabrika-teplic.com/ua/wp-content/uploads/sites/2/2019/11/teplica-titan-12.jpg	new	7982	7982	"Теплиці «Титан» з полікарбонатом > Теплиці з"	https://fabrika-teplic.com/ua/wp-content/uploads/sites/2/2019/11/titan-17.png	"Теплиця «Титан» 3x10x2 з оцинкованої квадратної труби з полікарбонатом Soton Nano 4 мм"		7982	"Home & Garden > Lawn & Garden > Gardening > Greenhouses"	"Теплиці «Титан» з полікарбонатом > Теплиці з полікарбонатом"	https://fabrika-teplic.com/ua/vitrina/teplyczya-tytan-3x10x2-z-oczynkovanoyi-kvadratnoyi-truby-z-polikarbonatom-soton-nano-4-mm/	"12900 UAH"	"in stock"	no
7984	"Каркас теплиці «Титан» виготовлений з оцинкованої квадратної профільної труби 20х20 мм з товщиною стінки 1,5 мм. Покриття цинком забезпечує антикорозійність і тривалий термін служби металу. Гарантійний термін експлуатації каркаса з оцинкованої сталі — 15 років.
Каркас має додаткові посилення, завдяки яким теплична конструкція витримує значні механічні навантаження. Це діагональні посилення в бічних частинах теплиці і посилені балки в верхній частині кожної арки. Витримувана міцність каркасу 250 кг/м кв.
"	https://fabrika-teplic.com/ua/wp-content/uploads/sites/2/2019/11/teplica-titan-13.jpg%2Chttps://fabrika-teplic.com/ua/wp-content/uploads/sites/2/2019/11/teplica-titan-03.jpg%2Chttps://fabrika-teplic.com/ua/wp-content/uploads/sites/2/2019/11/teplica-titan-02.jpg%2Chttps://fabrika-teplic.com/ua/wp-content/uploads/sites/2/2019/11/teplica-titan-09.jpg%2Chttps://fabrika-teplic.com/ua/wp-content/uploads/sites/2/2019/11/teplica-titan-07.jpg%2Chttps://fabrika-teplic.com/ua/wp-content/uploads/sites/2/2019/11/teplica-titan-05.jpg%2Chttps://fabrika-teplic.com/ua/wp-content/uploads/sites/2/2019/11/teplica-titan-16.jpg%2Chttps://fabrika-teplic.com/ua/wp-content/uploads/sites/2/2019/11/teplica-titan-14.jpg%2Chttps://fabrika-teplic.com/ua/wp-content/uploads/sites/2/2019/11/teplica-titan-12.jpg	new	7984	7984	"Теплиці «Титан» з полікарбонатом > Теплиці з"	https://fabrika-teplic.com/ua/wp-content/uploads/sites/2/2019/11/titan-17.png	"Теплиця «Титан» 3x10x2 з оцинкованої квадратної труби з полікарбонатом Soton Nano 6 мм"		7984	"Home & Garden > Lawn & Garden > Gardening > Greenhouses"	"Теплиці «Титан» з полікарбонатом > Теплиці з полікарбонатом"	https://fabrika-teplic.com/ua/vitrina/teplyczya-tytan-3x10x2-z-oczynkovanoyi-kvadratnoyi-truby-z-polikarbonatom-soton-nano-6-mm/	"17850 UAH"	"in stock"	no
7985	"Каркас теплиці «Титан» виготовлений з оцинкованої квадратної профільної труби 20х20 мм з товщиною стінки 1,5 мм. Покриття цинком забезпечує антикорозійність і тривалий термін служби металу. Гарантійний термін експлуатації каркаса з оцинкованої сталі — 15 років.
Каркас має додаткові посилення, завдяки яким теплична конструкція витримує значні механічні навантаження. Це діагональні посилення в бічних частинах теплиці і посилені балки в верхній частині кожної арки. Витримувана міцність каркасу 250 кг/м кв.
"	https://fabrika-teplic.com/ua/wp-content/uploads/sites/2/2019/11/teplica-titan-13.jpg%2Chttps://fabrika-teplic.com/ua/wp-content/uploads/sites/2/2019/11/teplica-titan-03.jpg%2Chttps://fabrika-teplic.com/ua/wp-content/uploads/sites/2/2019/11/teplica-titan-02.jpg%2Chttps://fabrika-teplic.com/ua/wp-content/uploads/sites/2/2019/11/teplica-titan-09.jpg%2Chttps://fabrika-teplic.com/ua/wp-content/uploads/sites/2/2019/11/teplica-titan-07.jpg%2Chttps://fabrika-teplic.com/ua/wp-content/uploads/sites/2/2019/11/teplica-titan-05.jpg%2Chttps://fabrika-teplic.com/ua/wp-content/uploads/sites/2/2019/11/teplica-titan-16.jpg%2Chttps://fabrika-teplic.com/ua/wp-content/uploads/sites/2/2019/11/teplica-titan-14.jpg%2Chttps://fabrika-teplic.com/ua/wp-content/uploads/sites/2/2019/11/teplica-titan-12.jpg	new	7985	7985	"Теплиці «Титан» з полікарбонатом > Теплиці з"	https://fabrika-teplic.com/ua/wp-content/uploads/sites/2/2019/11/titan-17.png	"Теплиця «Титан» 3x10x2 з оцинкованої квадратної труби з полікарбонатом Soton Nano 8 мм"		7985	"Home & Garden > Lawn & Garden > Gardening > Greenhouses"	"Теплиці «Титан» з полікарбонатом > Теплиці з полікарбонатом"	https://fabrika-teplic.com/ua/vitrina/teplyczya-tytan-3x10x2-z-oczynkovanoyi-kvadratnoyi-truby-z-polikarbonatom-soton-nano-8-mm/	"20100 UAH"	"in stock"	no
8002	"Каркас теплиці «Титан Лайт» виготовлений з оцинкованої квадратної профільної труби 20х20 мм з товщиною стінки 1 мм. Покриття цинком забезпечує антикорозійність і тривалий термін служби металу. Гарантійний термін експлуатації каркаса з оцинкованої сталі — 15 років.
Каркас має додаткові посилення, завдяки яким теплична конструкція витримує значні механічні навантаження. Це діагональні посилення в бічних частинах теплиці і посилені балки в верхній частині кожної арки. Витримувана міцність каркасу 180 кг/м кв.
"	https://fabrika-teplic.com/ua/wp-content/uploads/sites/2/2020/02/teplica-titan-01.jpg%2Chttps://fabrika-teplic.com/ua/wp-content/uploads/sites/2/2019/11/teplica-titan-13.jpg%2Chttps://fabrika-teplic.com/ua/wp-content/uploads/sites/2/2019/11/teplica-titan-03.jpg%2Chttps://fabrika-teplic.com/ua/wp-content/uploads/sites/2/2019/11/teplica-titan-02.jpg%2Chttps://fabrika-teplic.com/ua/wp-content/uploads/sites/2/2019/11/teplica-titan-09.jpg%2Chttps://fabrika-teplic.com/ua/wp-content/uploads/sites/2/2019/11/teplica-titan-07.jpg%2Chttps://fabrika-teplic.com/ua/wp-content/uploads/sites/2/2019/11/teplica-titan-05.jpg%2Chttps://fabrika-teplic.com/ua/wp-content/uploads/sites/2/2019/11/teplica-titan-16.jpg%2Chttps://fabrika-teplic.com/ua/wp-content/uploads/sites/2/2019/11/teplica-titan-14.jpg	new	8002	8002	"Теплиці «Титан Лайт» з полікарбонатом > Теплиці з"	https://fabrika-teplic.com/ua/wp-content/uploads/sites/2/2020/02/titan-light-17.png	"Теплиця «Титан Лайт» 3x6x2 з оцинкованої квадратної труби з полікарбонатом Soton Nano 4"		8002	"Home & Garden > Lawn & Garden > Gardening > Greenhouses"	"Теплиці «Титан Лайт» з полікарбонатом > Теплиці з полікарбонатом"	https://fabrika-teplic.com/ua/vitrina/teplyczya-tytan-lajt-3x6x2-z-oczynkovanoyi-kvadratnoyi-truby-z-polikarbonatom-soton-nano-4-mm/	"8100 UAH"	"in stock"	no
8004	"Каркас теплиці «Титан Лайт» виготовлений з оцинкованої квадратної профільної труби 20х20 мм з товщиною стінки 1 мм. Покриття цинком забезпечує антикорозійність і тривалий термін служби металу. Гарантійний термін експлуатації каркаса з оцинкованої сталі — 15 років.
Каркас має додаткові посилення, завдяки яким теплична конструкція витримує значні механічні навантаження. Це діагональні посилення в бічних частинах теплиці і посилені балки в верхній частині кожної арки. Витримувана міцність каркасу 180 кг/м кв.
"	https://fabrika-teplic.com/ua/wp-content/uploads/sites/2/2020/02/teplica-titan-01.jpg%2Chttps://fabrika-teplic.com/ua/wp-content/uploads/sites/2/2019/11/teplica-titan-13.jpg%2Chttps://fabrika-teplic.com/ua/wp-content/uploads/sites/2/2019/11/teplica-titan-03.jpg%2Chttps://fabrika-teplic.com/ua/wp-content/uploads/sites/2/2019/11/teplica-titan-02.jpg%2Chttps://fabrika-teplic.com/ua/wp-content/uploads/sites/2/2019/11/teplica-titan-09.jpg%2Chttps://fabrika-teplic.com/ua/wp-content/uploads/sites/2/2019/11/teplica-titan-07.jpg%2Chttps://fabrika-teplic.com/ua/wp-content/uploads/sites/2/2019/11/teplica-titan-05.jpg%2Chttps://fabrika-teplic.com/ua/wp-content/uploads/sites/2/2019/11/teplica-titan-16.jpg%2Chttps://fabrika-teplic.com/ua/wp-content/uploads/sites/2/2019/11/teplica-titan-14.jpg	new	8004	8004	"Теплиці «Титан Лайт» з полікарбонатом > Теплиці з"	https://fabrika-teplic.com/ua/wp-content/uploads/sites/2/2020/02/titan-light-17.png	"Теплиця «Титан Лайт» 3x6x2 з оцинкованої квадратної труби з полікарбонатом Soton Nano 6"	recent-product	8004	"Home & Garden > Lawn & Garden > Gardening > Greenhouses"	"Теплиці «Титан Лайт» з полікарбонатом > Теплиці з полікарбонатом"	https://fabrika-teplic.com/ua/vitrina/teplyczya-tytan-lajt-3x6x2-z-oczynkovanoyi-kvadratnoyi-truby-z-polikarbonatom-soton-nano-6-mm/	"11500 UAH"	"in stock"	no
8005	"Каркас теплиці «Титан Лайт» виготовлений з оцинкованої квадратної профільної труби 20х20 мм з товщиною стінки 1 мм. Покриття цинком забезпечує антикорозійність і тривалий термін служби металу. Гарантійний термін експлуатації каркаса з оцинкованої сталі — 15 років.
Каркас має додаткові посилення, завдяки яким теплична конструкція витримує значні механічні навантаження. Це діагональні посилення в бічних частинах теплиці і посилені балки в верхній частині кожної арки. Витримувана міцність каркасу 180 кг/м кв.
"	https://fabrika-teplic.com/ua/wp-content/uploads/sites/2/2020/02/teplica-titan-01.jpg%2Chttps://fabrika-teplic.com/ua/wp-content/uploads/sites/2/2019/11/teplica-titan-13.jpg%2Chttps://fabrika-teplic.com/ua/wp-content/uploads/sites/2/2019/11/teplica-titan-03.jpg%2Chttps://fabrika-teplic.com/ua/wp-content/uploads/sites/2/2019/11/teplica-titan-02.jpg%2Chttps://fabrika-teplic.com/ua/wp-content/uploads/sites/2/2019/11/teplica-titan-09.jpg%2Chttps://fabrika-teplic.com/ua/wp-content/uploads/sites/2/2019/11/teplica-titan-07.jpg%2Chttps://fabrika-teplic.com/ua/wp-content/uploads/sites/2/2019/11/teplica-titan-05.jpg%2Chttps://fabrika-teplic.com/ua/wp-content/uploads/sites/2/2019/11/teplica-titan-16.jpg%2Chttps://fabrika-teplic.com/ua/wp-content/uploads/sites/2/2019/11/teplica-titan-14.jpg	new	8005	8005	"Теплиці «Титан Лайт» з полікарбонатом > Теплиці з"	https://fabrika-teplic.com/ua/wp-content/uploads/sites/2/2020/02/titan-light-17.png	"Теплиця «Титан Лайт» 3x6x2 з оцинкованої квадратної труби з полікарбонатом Soton Nano 8"	recent-product	8005	"Home & Garden > Lawn & Garden > Gardening > Greenhouses"	"Теплиці «Титан Лайт» з полікарбонатом > Теплиці з полікарбонатом"	https://fabrika-teplic.com/ua/vitrina/teplyczya-tytan-lajt-3x6x2-z-oczynkovanoyi-kvadratnoyi-truby-z-polikarbonatom-soton-nano-8-mm/	"13050 UAH"	"in stock"	no
8006	"Каркас теплиці «Титан Лайт» виготовлений з оцинкованої квадратної профільної труби 20х20 мм з товщиною стінки 1 мм. Покриття цинком забезпечує антикорозійність і тривалий термін служби металу. Гарантійний термін експлуатації каркаса з оцинкованої сталі — 15 років.
Каркас має додаткові посилення, завдяки яким теплична конструкція витримує значні механічні навантаження. Це діагональні посилення в бічних частинах теплиці і посилені балки в верхній частині кожної арки. Витримувана міцність каркасу 180 кг/м кв.
"	https://fabrika-teplic.com/ua/wp-content/uploads/sites/2/2020/02/teplica-titan-01.jpg%2Chttps://fabrika-teplic.com/ua/wp-content/uploads/sites/2/2019/11/teplica-titan-13.jpg%2Chttps://fabrika-teplic.com/ua/wp-content/uploads/sites/2/2019/11/teplica-titan-03.jpg%2Chttps://fabrika-teplic.com/ua/wp-content/uploads/sites/2/2019/11/teplica-titan-02.jpg%2Chttps://fabrika-teplic.com/ua/wp-content/uploads/sites/2/2019/11/teplica-titan-09.jpg%2Chttps://fabrika-teplic.com/ua/wp-content/uploads/sites/2/2019/11/teplica-titan-07.jpg%2Chttps://fabrika-teplic.com/ua/wp-content/uploads/sites/2/2019/11/teplica-titan-05.jpg%2Chttps://fabrika-teplic.com/ua/wp-content/uploads/sites/2/2019/11/teplica-titan-16.jpg%2Chttps://fabrika-teplic.com/ua/wp-content/uploads/sites/2/2019/11/teplica-titan-14.jpg	new	8006	8006	"Теплиці «Титан Лайт» з полікарбонатом > Теплиці з"	https://fabrika-teplic.com/ua/wp-content/uploads/sites/2/2020/02/titan-light-17.png	"Теплиця «Титан Лайт» 3x4x2 з оцинкованої квадратної труби з полікарбонатом Soton Nano 4"	recent-product	8006	"Home & Garden > Lawn & Garden > Gardening > Greenhouses"	"Теплиці «Титан Лайт» з полікарбонатом > Теплиці з полікарбонатом"	https://fabrika-teplic.com/ua/vitrina/teplyczya-tytan-lajt-3x4x2-z-oczynkovanoyi-kvadratnoyi-truby-z-polikarbonatom-soton-nano-4-mm/	"6400 UAH"	"in stock"	no
8007	"Каркас теплиці «Титан Лайт» виготовлений з оцинкованої квадратної профільної труби 20х20 мм з товщиною стінки 1 мм. Покриття цинком забезпечує антикорозійність і тривалий термін служби металу. Гарантійний термін експлуатації каркаса з оцинкованої сталі — 15 років.
Каркас має додаткові посилення, завдяки яким теплична конструкція витримує значні механічні навантаження. Це діагональні посилення в бічних частинах теплиці і посилені балки в верхній частині кожної арки. Витримувана міцність каркасу 180 кг/м кв.
"	https://fabrika-teplic.com/ua/wp-content/uploads/sites/2/2020/02/teplica-titan-01.jpg%2Chttps://fabrika-teplic.com/ua/wp-content/uploads/sites/2/2019/11/teplica-titan-13.jpg%2Chttps://fabrika-teplic.com/ua/wp-content/uploads/sites/2/2019/11/teplica-titan-03.jpg%2Chttps://fabrika-teplic.com/ua/wp-content/uploads/sites/2/2019/11/teplica-titan-02.jpg%2Chttps://fabrika-teplic.com/ua/wp-content/uploads/sites/2/2019/11/teplica-titan-09.jpg%2Chttps://fabrika-teplic.com/ua/wp-content/uploads/sites/2/2019/11/teplica-titan-07.jpg%2Chttps://fabrika-teplic.com/ua/wp-content/uploads/sites/2/2019/11/teplica-titan-05.jpg%2Chttps://fabrika-teplic.com/ua/wp-content/uploads/sites/2/2019/11/teplica-titan-16.jpg%2Chttps://fabrika-teplic.com/ua/wp-content/uploads/sites/2/2019/11/teplica-titan-14.jpg	new	8007	8007	"Теплиці «Титан Лайт» з полікарбонатом > Теплиці з"	https://fabrika-teplic.com/ua/wp-content/uploads/sites/2/2020/02/titan-light-17.png	"Теплиця «Титан Лайт» 3x4x2 з оцинкованої квадратної труби з полікарбонатом Soton Nano 6"	recent-product	8007	"Home & Garden > Lawn & Garden > Gardening > Greenhouses"	"Теплиці «Титан Лайт» з полікарбонатом > Теплиці з полікарбонатом"	https://fabrika-teplic.com/ua/vitrina/teplyczya-tytan-lajt-3x4x2-z-oczynkovanoyi-kvadratnoyi-truby-z-polikarbonatom-soton-nano-6-mm/	"8950 UAH"	"in stock"	no
8008	"Каркас теплиці «Титан Лайт» виготовлений з оцинкованої квадратної профільної труби 20х20 мм з товщиною стінки 1 мм. Покриття цинком забезпечує антикорозійність і тривалий термін служби металу. Гарантійний термін експлуатації каркаса з оцинкованої сталі — 15 років.
Каркас має додаткові посилення, завдяки яким теплична конструкція витримує значні механічні навантаження. Це діагональні посилення в бічних частинах теплиці і посилені балки в верхній частині кожної арки. Витримувана міцність каркасу 180 кг/м кв.
"	https://fabrika-teplic.com/ua/wp-content/uploads/sites/2/2020/02/teplica-titan-01.jpg%2Chttps://fabrika-teplic.com/ua/wp-content/uploads/sites/2/2019/11/teplica-titan-13.jpg%2Chttps://fabrika-teplic.com/ua/wp-content/uploads/sites/2/2019/11/teplica-titan-03.jpg%2Chttps://fabrika-teplic.com/ua/wp-content/uploads/sites/2/2019/11/teplica-titan-02.jpg%2Chttps://fabrika-teplic.com/ua/wp-content/uploads/sites/2/2019/11/teplica-titan-09.jpg%2Chttps://fabrika-teplic.com/ua/wp-content/uploads/sites/2/2019/11/teplica-titan-07.jpg%2Chttps://fabrika-teplic.com/ua/wp-content/uploads/sites/2/2019/11/teplica-titan-05.jpg%2Chttps://fabrika-teplic.com/ua/wp-content/uploads/sites/2/2019/11/teplica-titan-16.jpg%2Chttps://fabrika-teplic.com/ua/wp-content/uploads/sites/2/2019/11/teplica-titan-14.jpg	new	8008	8008	"Теплиці «Титан Лайт» з полікарбонатом > Теплиці з"	https://fabrika-teplic.com/ua/wp-content/uploads/sites/2/2020/02/titan-light-17.png	"Теплиця «Титан Лайт» 3x4x2 з оцинкованої квадратної труби з полікарбонатом Soton Nano 8"	recent-product	8008	"Home & Garden > Lawn & Garden > Gardening > Greenhouses"	"Теплиці «Титан Лайт» з полікарбонатом > Теплиці з полікарбонатом"	https://fabrika-teplic.com/ua/vitrina/teplyczya-tytan-lajt-3x4x2-z-oczynkovanoyi-kvadratnoyi-truby-z-polikarbonatom-soton-nano-8-mm/	"10100 UAH"	"in stock"	no
8009	"Каркас теплиці «Титан Лайт» виготовлений з оцинкованої квадратної профільної труби 20х20 мм з товщиною стінки 1 мм. Покриття цинком забезпечує антикорозійність і тривалий термін служби металу. Гарантійний термін експлуатації каркаса з оцинкованої сталі — 15 років.
Каркас має додаткові посилення, завдяки яким теплична конструкція витримує значні механічні навантаження. Це діагональні посилення в бічних частинах теплиці і посилені балки в верхній частині кожної арки. Витримувана міцність каркасу 180 кг/м кв.
"	https://fabrika-teplic.com/ua/wp-content/uploads/sites/2/2020/02/teplica-titan-01.jpg%2Chttps://fabrika-teplic.com/ua/wp-content/uploads/sites/2/2019/11/teplica-titan-13.jpg%2Chttps://fabrika-teplic.com/ua/wp-content/uploads/sites/2/2019/11/teplica-titan-03.jpg%2Chttps://fabrika-teplic.com/ua/wp-content/uploads/sites/2/2019/11/teplica-titan-02.jpg%2Chttps://fabrika-teplic.com/ua/wp-content/uploads/sites/2/2019/11/teplica-titan-09.jpg%2Chttps://fabrika-teplic.com/ua/wp-content/uploads/sites/2/2019/11/teplica-titan-07.jpg%2Chttps://fabrika-teplic.com/ua/wp-content/uploads/sites/2/2019/11/teplica-titan-05.jpg%2Chttps://fabrika-teplic.com/ua/wp-content/uploads/sites/2/2019/11/teplica-titan-16.jpg%2Chttps://fabrika-teplic.com/ua/wp-content/uploads/sites/2/2019/11/teplica-titan-14.jpg	new	8009	8009	"Теплиці «Титан Лайт» з полікарбонатом > Теплиці з"	https://fabrika-teplic.com/ua/wp-content/uploads/sites/2/2020/02/titan-light-17.png	"Теплиця «Титан Лайт» 3x8x2 з оцинкованої квадратної труби з полікарбонатом Soton Nano 4"	recent-product	8009	"Home & Garden > Lawn & Garden > Gardening > Greenhouses"	"Теплиці «Титан Лайт» з полікарбонатом > Теплиці з полікарбонатом"	https://fabrika-teplic.com/ua/vitrina/teplyczya-tytan-lajt-3x8x2-z-oczynkovanoyi-kvadratnoyi-truby-z-polikarbonatom-soton-nano-4-mm/	"9800 UAH"	"in stock"	no
8010	"Каркас теплиці «Титан Лайт» виготовлений з оцинкованої квадратної профільної труби 20х20 мм з товщиною стінки 1 мм. Покриття цинком забезпечує антикорозійність і тривалий термін служби металу. Гарантійний термін експлуатації каркаса з оцинкованої сталі — 15 років.
Каркас має додаткові посилення, завдяки яким теплична конструкція витримує значні механічні навантаження. Це діагональні посилення в бічних частинах теплиці і посилені балки в верхній частині кожної арки. Витримувана міцність каркасу 180 кг/м кв.
"	https://fabrika-teplic.com/ua/wp-content/uploads/sites/2/2020/02/teplica-titan-01.jpg%2Chttps://fabrika-teplic.com/ua/wp-content/uploads/sites/2/2019/11/teplica-titan-13.jpg%2Chttps://fabrika-teplic.com/ua/wp-content/uploads/sites/2/2019/11/teplica-titan-03.jpg%2Chttps://fabrika-teplic.com/ua/wp-content/uploads/sites/2/2019/11/teplica-titan-02.jpg%2Chttps://fabrika-teplic.com/ua/wp-content/uploads/sites/2/2019/11/teplica-titan-09.jpg%2Chttps://fabrika-teplic.com/ua/wp-content/uploads/sites/2/2019/11/teplica-titan-07.jpg%2Chttps://fabrika-teplic.com/ua/wp-content/uploads/sites/2/2019/11/teplica-titan-05.jpg%2Chttps://fabrika-teplic.com/ua/wp-content/uploads/sites/2/2019/11/teplica-titan-16.jpg%2Chttps://fabrika-teplic.com/ua/wp-content/uploads/sites/2/2019/11/teplica-titan-14.jpg	new	8010	8010	"Теплиці «Титан Лайт» з полікарбонатом > Теплиці з"	https://fabrika-teplic.com/ua/wp-content/uploads/sites/2/2020/02/titan-light-17.png	"Теплиця «Титан Лайт» 3x8x2 з оцинкованої квадратної труби з полікарбонатом Soton Nano 6"	recent-product	8010	"Home & Garden > Lawn & Garden > Gardening > Greenhouses"	"Теплиці «Титан Лайт» з полікарбонатом > Теплиці з полікарбонатом"	https://fabrika-teplic.com/ua/vitrina/teplyczya-tytan-lajt-3x8x2-z-oczynkovanoyi-kvadratnoyi-truby-z-polikarbonatom-soton-nano-6-mm/	"14050 UAH"	"in stock"	no
8011	"Каркас теплиці «Титан Лайт» виготовлений з оцинкованої квадратної профільної труби 20х20 мм з товщиною стінки 1 мм. Покриття цинком забезпечує антикорозійність і тривалий термін служби металу. Гарантійний термін експлуатації каркаса з оцинкованої сталі — 15 років.
Каркас має додаткові посилення, завдяки яким теплична конструкція витримує значні механічні навантаження. Це діагональні посилення в бічних частинах теплиці і посилені балки в верхній частині кожної арки. Витримувана міцність каркасу 180 кг/м кв.
"	https://fabrika-teplic.com/ua/wp-content/uploads/sites/2/2020/02/teplica-titan-01.jpg%2Chttps://fabrika-teplic.com/ua/wp-content/uploads/sites/2/2019/11/teplica-titan-13.jpg%2Chttps://fabrika-teplic.com/ua/wp-content/uploads/sites/2/2019/11/teplica-titan-03.jpg%2Chttps://fabrika-teplic.com/ua/wp-content/uploads/sites/2/2019/11/teplica-titan-02.jpg%2Chttps://fabrika-teplic.com/ua/wp-content/uploads/sites/2/2019/11/teplica-titan-09.jpg%2Chttps://fabrika-teplic.com/ua/wp-content/uploads/sites/2/2019/11/teplica-titan-07.jpg%2Chttps://fabrika-teplic.com/ua/wp-content/uploads/sites/2/2019/11/teplica-titan-05.jpg%2Chttps://fabrika-teplic.com/ua/wp-content/uploads/sites/2/2019/11/teplica-titan-16.jpg%2Chttps://fabrika-teplic.com/ua/wp-content/uploads/sites/2/2019/11/teplica-titan-14.jpg	new	8011	8011	"Теплиці «Титан Лайт» з полікарбонатом > Теплиці з"	https://fabrika-teplic.com/ua/wp-content/uploads/sites/2/2020/02/titan-light-17.png	"Теплиця «Титан Лайт» 3x8x2 з оцинкованої квадратної труби з полікарбонатом Soton Nano 8"	recent-product	8011	"Home & Garden > Lawn & Garden > Gardening > Greenhouses"	"Теплиці «Титан Лайт» з полікарбонатом > Теплиці з полікарбонатом"	https://fabrika-teplic.com/ua/vitrina/teplyczya-tytan-lajt-3x8x2-z-oczynkovanoyi-kvadratnoyi-truby-z-polikarbonatom-soton-nano-8-mm/	"16000 UAH"	"in stock"	no
8012	"Каркас теплиці «Титан Лайт» виготовлений з оцинкованої квадратної профільної труби 20х20 мм з товщиною стінки 1 мм. Покриття цинком забезпечує антикорозійність і тривалий термін служби металу. Гарантійний термін експлуатації каркаса з оцинкованої сталі — 15 років.
Каркас має додаткові посилення, завдяки яким теплична конструкція витримує значні механічні навантаження. Це діагональні посилення в бічних частинах теплиці і посилені балки в верхній частині кожної арки. Витримувана міцність каркасу 180 кг/м кв.
"	https://fabrika-teplic.com/ua/wp-content/uploads/sites/2/2020/02/teplica-titan-01.jpg%2Chttps://fabrika-teplic.com/ua/wp-content/uploads/sites/2/2019/11/teplica-titan-13.jpg%2Chttps://fabrika-teplic.com/ua/wp-content/uploads/sites/2/2019/11/teplica-titan-03.jpg%2Chttps://fabrika-teplic.com/ua/wp-content/uploads/sites/2/2019/11/teplica-titan-02.jpg%2Chttps://fabrika-teplic.com/ua/wp-content/uploads/sites/2/2019/11/teplica-titan-09.jpg%2Chttps://fabrika-teplic.com/ua/wp-content/uploads/sites/2/2019/11/teplica-titan-07.jpg%2Chttps://fabrika-teplic.com/ua/wp-content/uploads/sites/2/2019/11/teplica-titan-05.jpg%2Chttps://fabrika-teplic.com/ua/wp-content/uploads/sites/2/2019/11/teplica-titan-16.jpg%2Chttps://fabrika-teplic.com/ua/wp-content/uploads/sites/2/2019/11/teplica-titan-14.jpg	new	8012	8012	"Теплиці «Титан Лайт» з полікарбонатом > Теплиці з"	https://fabrika-teplic.com/ua/wp-content/uploads/sites/2/2020/02/titan-light-17.png	"Теплиця «Титан Лайт» 3x10x2 з оцинкованої квадратної труби з полікарбонатом Soton Nano 4"	recent-product	8012	"Home & Garden > Lawn & Garden > Gardening > Greenhouses"	"Теплиці «Титан Лайт» з полікарбонатом > Теплиці з полікарбонатом"	https://fabrika-teplic.com/ua/vitrina/teplyczya-tytan-lajt-3x10x2-z-oczynkovanoyi-kvadratnoyi-truby-z-polikarbonatom-soton-nano-4-mm/	"11500 UAH"	"in stock"	no
8013	"Каркас теплиці «Титан Лайт» виготовлений з оцинкованої квадратної профільної труби 20х20 мм з товщиною стінки 1 мм. Покриття цинком забезпечує антикорозійність і тривалий термін служби металу. Гарантійний термін експлуатації каркаса з оцинкованої сталі — 15 років.
Каркас має додаткові посилення, завдяки яким теплична конструкція витримує значні механічні навантаження. Це діагональні посилення в бічних частинах теплиці і посилені балки в верхній частині кожної арки. Витримувана міцність каркасу 180 кг/м кв.
"	https://fabrika-teplic.com/ua/wp-content/uploads/sites/2/2020/02/teplica-titan-01.jpg%2Chttps://fabrika-teplic.com/ua/wp-content/uploads/sites/2/2019/11/teplica-titan-13.jpg%2Chttps://fabrika-teplic.com/ua/wp-content/uploads/sites/2/2019/11/teplica-titan-03.jpg%2Chttps://fabrika-teplic.com/ua/wp-content/uploads/sites/2/2019/11/teplica-titan-02.jpg%2Chttps://fabrika-teplic.com/ua/wp-content/uploads/sites/2/2019/11/teplica-titan-09.jpg%2Chttps://fabrika-teplic.com/ua/wp-content/uploads/sites/2/2019/11/teplica-titan-07.jpg%2Chttps://fabrika-teplic.com/ua/wp-content/uploads/sites/2/2019/11/teplica-titan-05.jpg%2Chttps://fabrika-teplic.com/ua/wp-content/uploads/sites/2/2019/11/teplica-titan-16.jpg%2Chttps://fabrika-teplic.com/ua/wp-content/uploads/sites/2/2019/11/teplica-titan-14.jpg	new	8013	8013	"Теплиці «Титан Лайт» з полікарбонатом > Теплиці з"	https://fabrika-teplic.com/ua/wp-content/uploads/sites/2/2020/02/titan-light-17.png	"Теплиця «Титан Лайт» 3x10x2 з оцинкованої квадратної труби з полікарбонатом Soton Nano 6"	recent-product	8013	"Home & Garden > Lawn & Garden > Gardening > Greenhouses"	"Теплиці «Титан Лайт» з полікарбонатом > Теплиці з полікарбонатом"	https://fabrika-teplic.com/ua/vitrina/teplyczya-tytan-lajt-3x10x2-z-oczynkovanoyi-kvadratnoyi-truby-z-polikarbonatom-soton-nano-6-mm/	"16600 UAH"	"in stock"	no
8014	"Каркас теплиці «Титан Лайт» виготовлений з оцинкованої квадратної профільної труби 20х20 мм з товщиною стінки 1 мм. Покриття цинком забезпечує антикорозійність і тривалий термін служби металу. Гарантійний термін експлуатації каркаса з оцинкованої сталі — 15 років.
Каркас має додаткові посилення, завдяки яким теплична конструкція витримує значні механічні навантаження. Це діагональні посилення в бічних частинах теплиці і посилені балки в верхній частині кожної арки. Витримувана міцність каркасу 180 кг/м кв.
"	https://fabrika-teplic.com/ua/wp-content/uploads/sites/2/2020/02/teplica-titan-01.jpg%2Chttps://fabrika-teplic.com/ua/wp-content/uploads/sites/2/2019/11/teplica-titan-13.jpg%2Chttps://fabrika-teplic.com/ua/wp-content/uploads/sites/2/2019/11/teplica-titan-03.jpg%2Chttps://fabrika-teplic.com/ua/wp-content/uploads/sites/2/2019/11/teplica-titan-02.jpg%2Chttps://fabrika-teplic.com/ua/wp-content/uploads/sites/2/2019/11/teplica-titan-09.jpg%2Chttps://fabrika-teplic.com/ua/wp-content/uploads/sites/2/2019/11/teplica-titan-07.jpg%2Chttps://fabrika-teplic.com/ua/wp-content/uploads/sites/2/2019/11/teplica-titan-05.jpg%2Chttps://fabrika-teplic.com/ua/wp-content/uploads/sites/2/2019/11/teplica-titan-16.jpg%2Chttps://fabrika-teplic.com/ua/wp-content/uploads/sites/2/2019/11/teplica-titan-14.jpg	new	8014	8014	"Теплиці «Титан Лайт» з полікарбонатом > Теплиці з"	https://fabrika-teplic.com/ua/wp-content/uploads/sites/2/2020/02/titan-light-17.png	"Теплиця «Титан Лайт» 3x10x2 з оцинкованої квадратної труби з полікарбонатом Soton Nano 8"	recent-product	8014	"Home & Garden > Lawn & Garden > Gardening > Greenhouses"	"Теплиці «Титан Лайт» з полікарбонатом > Теплиці з полікарбонатом"	https://fabrika-teplic.com/ua/vitrina/teplyczya-tytan-lajt-3x10x2-z-oczynkovanoyi-kvadratnoyi-truby-z-polikarbonatom-soton-nano-8-mm/	"18900 UAH"	"in stock"	no
8060	"Каркас теплиці «Титан» виготовлений з оцинкованої квадратної профільної труби 20х20 мм з товщиною стінки 1,5 мм. Покриття цинком забезпечує антикорозійність і тривалий термін служби металу. Гарантійний термін експлуатації каркаса з оцинкованої сталі — 15 років.
Каркас має додаткові посилення, завдяки яким теплична конструкція витримує значні механічні навантаження. Це діагональні посилення в бічних частинах теплиці і посилені балки в верхній частині кожної арки. Витримувана міцність каркасу 250 кг/м кв.
"	https://fabrika-teplic.com/ua/wp-content/uploads/sites/2/2019/11/teplica-titan-13.jpg%2Chttps://fabrika-teplic.com/ua/wp-content/uploads/sites/2/2019/11/teplica-titan-03.jpg%2Chttps://fabrika-teplic.com/ua/wp-content/uploads/sites/2/2019/11/teplica-titan-02.jpg%2Chttps://fabrika-teplic.com/ua/wp-content/uploads/sites/2/2019/11/teplica-titan-09.jpg%2Chttps://fabrika-teplic.com/ua/wp-content/uploads/sites/2/2019/11/teplica-titan-07.jpg%2Chttps://fabrika-teplic.com/ua/wp-content/uploads/sites/2/2019/11/teplica-titan-05.jpg%2Chttps://fabrika-teplic.com/ua/wp-content/uploads/sites/2/2019/11/teplica-titan-16.jpg%2Chttps://fabrika-teplic.com/ua/wp-content/uploads/sites/2/2019/11/teplica-titan-14.jpg%2Chttps://fabrika-teplic.com/ua/wp-content/uploads/sites/2/2019/11/teplica-titan-12.jpg	new	8060	8060	"Теплиці «Титан» з полікарбонатом > Теплиці з"	https://fabrika-teplic.com/ua/wp-content/uploads/sites/2/2019/11/titan-17.png	"Теплиця «Титан» 3x6x2 з оцинкованої квадратної труби з полікарбонатом Soton Nano 4 мм"	recent-product	8060	"Home & Garden > Lawn & Garden > Gardening > Greenhouses"	"Теплиці «Титан» з полікарбонатом > Теплиці з полікарбонатом"	https://fabrika-teplic.com/ua/vitrina/teplyczya-tytan-3x6x2-z-oczynkovanoyi-kvadratnoyi-truby-z-polikarbonatom-soton-nano-4-mm/	"9050 UAH"	"in stock"	no
8061	"Зверніть увагу на товщину стінки профілю. Недобросовісні виробники вказують товщину 0,75 мм, а в дійсності використовують профіль товщиною 0,5 мм. Каркас наших теплиць зроблений з профілю з товщиною стінки 0,75 мм. При отриманні теплиці переміряйте товщину стінки профілю.
Вартість каркасу 3х6 м без плівки — 3 600 грн. Теплиця «Омега» з посиленим каркасом комплектується плівкою з УФ-захистом товщиною 120 мкм. Ширина каркаса — 3 м, довжина — 6 м, висота — 2 м. Вікна та двері є на обох сторонах теплиці, що забезпечує її максимальне провітрювання.
Посилений каркас теплиці з кроком 0,6 м витримує снігове навантаження до 40 кг/м кв., вітрову — 30 кг/м кв. Це дозволяє використовувати конструкцію для цілорічного вирощування тепличних культур.
"	https://fabrika-teplic.com/ua/wp-content/uploads/sites/2/2020/02/tunel-folia-3x6-stal-ocynk-002.jpg%2Chttps://fabrika-teplic.com/ua/wp-content/uploads/sites/2/2020/02/tunel-folia-3x6-stal-ocynk-003.jpg%2Chttps://fabrika-teplic.com/ua/wp-content/uploads/sites/2/2020/02/tunel-folia-3x6-stal-ocynk-004.jpg%2Chttps://fabrika-teplic.com/ua/wp-content/uploads/sites/2/2020/02/tunel-folia-3x6-stal-ocynk-005.jpg%2Chttps://fabrika-teplic.com/ua/wp-content/uploads/sites/2/2020/02/tunel-folia-3x6-stal-ocynk-006.jpg%2Chttps://fabrika-teplic.com/ua/wp-content/uploads/sites/2/2020/02/tunel-folia-3x6-stal-ocynk-007.jpg%2Chttps://fabrika-teplic.com/ua/wp-content/uploads/sites/2/2020/02/tunel-folia-3x6-stal-ocynk-008.jpg%2Chttps://fabrika-teplic.com/ua/wp-content/uploads/sites/2/2020/02/tunel-folia-3x6-stal-ocynk-009.jpg%2Chttps://fabrika-teplic.com/ua/wp-content/uploads/sites/2/2020/02/tunel-folia-3x6-stal-ocynk-010.jpg	new	8061	8061	"Теплиці «Омега» з плівкою > Теплиці з плівкою"	https://fabrika-teplic.com/ua/wp-content/uploads/sites/2/2019/11/tunel-folia-3x6-stal-ocynk-050.png	"Теплиця «Омега» 3х6x2 з оцинкованого омега профілю з плівкою 120 мкм"	recent-product	8061	"Home & Garden > Lawn & Garden > Gardening > Greenhouses"	"Теплиці «Омега» з плівкою > Теплиці з плівкою"	https://fabrika-teplic.com/ua/vitrina/kopiyateplyczya-omega-3h6x2-z-oczynkovanogo-omega-profilyu-z-plivkoyu-120-mkm/	"4250 UAH"	"in stock"	no
